brand;model;price;rating;reviews_count;diagonal;h_resolution;v_resolution;refresh_rate;panel_type;brightness;contrast;h_view_angle;v_view_angle;curvature_radius;hdmi_count;hdmi_version;dp_count;dp_version;has_vga;has_dvi;has_usbc;usb_count;has_amd_sync;has_nvidia_sync;has_adaptive_sync;is_smart
MSI;PRO MP273A;10999;4.82;2500;27.0;1920;1080;100;IPS;300;1000;178;178;;1;1.4b;1;1.2a;True;False;False;0;False;False;True;False
ARDOR GAMING;INFINITY PRO AQ27H1;16599;4.77;1900;27.0;2560;1440;200;IPS;450;1000;178;178;;2;2.1;2;1.4;False;False;False;0;True;True;False;False
Samsung;S3 S32GF S24F320GAI;7999;4.79;404;24.0;1920;1080;120;IPS;250;1000;178;178;;2;1.4;0;;False;False;False;0;False;False;False;False
Xiaomi;G27Qi 2026;15899;4.84;431;27.0;2560;1440;200;IPS;400;1000;178;178;;2;2.0;2;1.4;False;False;False;0;True;False;False;False
DEXP;DF22N2S;5599;4.77;1000;21.45;1920;1080;100;VA;250;3000;178;178;;1;1.4;0;;True;False;False;0;True;False;False;False
MSI;MAG 274QF X24;18999;4.77;635;27.0;2560;1440;240;IPS;250;1000;178;178;;2;2.0b;1;1.4a;False;False;False;0;True;False;False;False
DEXP;DF24N1;6999;4.84;1700;23.8;1920;1080;100;IPS;300;1000;178;178;;1;2.0;0;;True;False;False;0;True;False;False;False
Samsung;Odyssey G5 G53F S27FG532EI;17499;4.83;632;27.0;2560;1440;200;IPS;300;1000;178;178;;2;2.0;1;1.4;False;False;False;0;True;False;False;False
Xiaomi;A27i;10699;4.84;604;27.0;1920;1080;100;IPS;250;1000;178;178;;1;2.0;1;1.2;False;False;False;0;False;False;False;False
Xiaomi;G24i 2026;10799;4.85;667;23.8;1920;1080;200;IPS;400;1000;178;178;;1;2.0;1;1.4;False;False;False;0;True;True;False;False
MSI;PRO MP243X;7699;4.81;1700;23.8;1920;1080;100;IPS;300;1000;178;178;;1;1.4;1;1.2a;False;False;False;0;False;False;True;False
AOC;24B36H;6999;4.83;172;23.8;1920;1080;120;IPS;250;1500;178;178;;1;1.4;0;;True;False;False;0;False;False;True;False
Xiaomi;A27Qi 2026;13399;4.88;93;27.0;2560;1440;120;IPS;300;1300;178;178;;1;2.0;1;1.4;False;False;False;0;False;False;False;False
ARDOR GAMING;DARKMOON AQ27N1;16199;4.84;369;27.0;2560;1440;200;IPS;300;1200;178;178;;2;2.1;2;1.4;False;False;False;0;True;True;False;False
Xiaomi;A24i;8199;4.84;954;23.8;1920;1080;100;IPS;250;1000;178;178;;1;1.4;1;1.2;False;False;False;0;False;False;False;False
Xiaomi;A24i 2026;7799;4.87;119;23.8;1920;1080;144;IPS;300;1500;178;178;;1;2.0;1;1.4;False;False;False;0;False;False;False;False
Hisense;27N3Q;8599;4.84;120;27.0;1920;1080;144;IPS;250;1000;89;89;;1;1.4;0;;True;False;False;0;False;False;True;False
MSI;G242L E14;9999;4.88;795;23.8;1920;1080;144;IPS;300;1500;178;178;;1;1.4b;1;1.2a;False;False;False;0;False;False;True;False
Acer;KA272G0bi;8799;4.92;266;27.0;1920;1080;120;IPS;250;1500;178;178;;1;1.4;0;;True;False;False;0;True;False;False;False
Samsung;Odyssey G5 G50SF S27FG502SI;37999;4.86;540;27.0;2560;1440;180;OLED;200;1000000;178;178;;1;2.0;1;1.2;False;False;False;0;True;True;False;False
DEXP;DQ32N1;15199;4.82;919;31.5;2560;1440;100;IPS;350;1000;178;178;;2;2.1;1;1.4;False;False;False;0;True;True;False;False
LG;27MR400-B;7999;4.82;567;27.0;1920;1080;100;IPS;250;1300;178;178;;1;1.4;0;;True;False;False;0;True;False;False;False
DEXP;DF24N2;7199;4.75;792;23.8;1920;1080;100;VA;300;4000;178;178;;1;2.0;0;;True;False;False;0;True;False;False;False
MSI;PRO MP275Q;14999;4.84;587;27.0;2560;1440;100;IPS;300;1300;178;178;;2;2.0b;1;1.2a;False;False;False;0;False;False;True;False
MSI;MAG 245F X24;12999;4.85;160;23.8;1920;1080;240;IPS;300;1000;178;178;;2;2.0b;1;1.2a;False;False;False;0;False;False;True;False
AOC;27B36X;10499;4.85;273;27.0;1920;1080;144;IPS;250;1500;178;178;;1;1.4;1;1.4;False;False;False;0;False;False;True;False
Acer;Nitro XV271UM3BMIIPRX;18999;4.79;450;27.0;2560;1440;180;IPS;250;1000;178;178;;2;2.0;1;1.2;False;False;False;0;True;False;False;False
MSI;PRO MP2412;7499;4.75;1500;23.8;1920;1080;100;VA;300;4000;178;178;;1;1.4b;1;1.2a;False;False;False;0;True;False;False;False
LG;UltraGear 24GS60F-B;10999;4.75;1200;23.8;1920;1080;180;IPS;300;1000;178;178;;1;2.0;1;1.4;False;False;False;0;True;True;False;False
Xiaomi;G27i 2026;11999;4.83;270;27.0;1920;1080;200;IPS;400;1000;178;178;;1;2.0;1;1.4;False;False;False;0;True;True;False;False
ARDOR GAMING;INFINITY AF27H1;14999;4.8;230;27.0;1920;1080;240;IPS;300;1000;178;178;;2;2.1;1;1.4;False;False;False;0;True;True;False;False
AOC;Q27G40E;13499;4.66;249;27.0;2560;1440;180;IPS;300;1000;178;178;;1;2.0;1;1.4;False;False;False;0;False;True;False;False
ARDOR GAMING;HORIZON AQ32H3;20999;4.82;340;31.5;2560;1440;180;VA;300;3500;178;178;1500;2;2.0;2;1.4;False;False;False;0;True;True;False;False
Samsung;Odyssey G5 G55T C34G55TWWI;23999;4.64;957;34.0;3440;1440;165;VA;250;2500;178;178;1000;1;2.0;1;1.4;False;False;False;0;True;False;False;False
ARDOR GAMING;PORTAL AF24H1;10999;4.75;938;23.8;1920;1080;180;IPS;350;1000;178;178;;2;2.0;1;1.4;False;False;False;0;True;True;False;False
ASUS;ROG Strix XG27ACS;23999;4.72;524;27.0;2560;1440;180;IPS;400;1000;178;178;;1;2.0;1;1.4;False;False;True;0;True;True;True;False
Philips;27E2N2500;12999;4.86;208;27.0;2560;1440;120;IPS;300;1500;178;178;;1;2.0;1;1.4;False;False;False;0;False;False;True;False
Hisense;24N3Q;6999;4.84;155;23.8;1920;1080;144;IPS;250;1000;178;178;;1;1.4;0;;True;False;False;0;False;False;False;False
GIGABYTE;GS27QA EU;15899;4.78;198;27.0;2560;1440;180;IPS;300;1000;178;178;;2;2.0;1;1.4;False;False;False;0;True;False;False;False
ARDOR GAMING;QUASAR AQW34H3;26999;4.8;873;34.0;3440;1440;180;VA;350;4000;178;178;1500;2;2.1;1;1.4;False;False;False;2;False;False;False;False
ASUS;ROG Strix XG27ACS-W;24999;4.81;452;27.0;2560;1440;180;IPS;400;1000;178;178;;1;2.0;1;1.4;False;False;True;0;True;True;True;False
AOC;Q27B30S3;10999;4.67;133;27.0;2560;1440;120;IPS;300;1500;178;178;;1;2.0;1;1.4;False;False;False;0;False;False;False;False
TCL;25G64;15999;4.77;664;24.5;1920;1080;300;IPS;600;1000;178;178;;2;2.1;1;1.4;False;False;False;0;True;True;False;False
MSI;G255F;9999;4.79;981;24.5;1920;1080;180;IPS;300;1000;178;178;;2;2.0b;1;1.2a;False;False;False;0;False;False;True;False
DEXP;DF27N2;9599;4.81;377;27.0;1920;1080;100;VA;300;4000;178;178;;1;2.0;0;;True;False;False;0;True;False;False;False
LG;24MR400-B;6999;4.82;443;23.8;1920;1080;100;IPS;250;1300;178;178;;1;1.4;0;;True;False;False;0;True;False;False;False
DEXP;DF24N1S;6999;4.83;170;23.8;1920;1080;100;IPS;250;1000;178;178;;1;1.4;0;;True;False;False;0;True;False;False;False
Samsung;Odyssey G5 G50F;23999;4.83;71;32.0;2560;1440;180;IPS;240;1000;178;178;;1;2.0;1;1.2;False;False;False;0;True;True;False;False
ASUS;TUF Gaming VG27AQ5A;18999;4.73;154;27.0;2560;1440;210;IPS;300;1300;178;178;;2;2.0;1;1.4;False;False;False;0;True;False;True;False
DEXP;DQ27N1;10899;4.83;443;27.0;2560;1440;100;IPS;300;1300;178;178;;2;2.1;1;1.4;False;False;False;0;False;False;False;False
Acer;EK271P6bi;9199;4.85;192;27.0;1920;1080;144;IPS;250;1000;178;178;;1;1.4;0;;True;False;False;0;True;False;False;False
Xiaomi;G27i 2026;11999;4.83;270;27.0;1920;1080;200;IPS;400;1000;178;178;;1;2.0;1;1.4;False;False;False;0;True;False;False;False
ARDOR GAMING;DARKSTAR AF24N1;9699;4.74;353;23.8;1920;1080;240;IPS;300;1000;178;178;;2;2.1;1;1.4;False;False;False;0;True;True;False;False
ARDOR GAMING;DARKMOON AQ27N1;15799;4.84;369;27.0;2560;1440;;IPS;300;1000;178;178;;2;2.1;2;1.4;False;False;False;1;True;True;False;False
LG;27GS75Q-B;19999;4.79;611;27.0;2560;1440;180;IPS;300;1000;178;178;;2;2.0;1;1.4;False;False;False;0;True;True;False;False
GigaByte;GO27Q24G;43299;4.95;44;27.0;2560;1440;240;OLED;1300;1500000;178;178;;2;2.1;1;1.4;False;False;True;1;True;True;False;False
Xiaomi;Curved Gaming Monitor G34WQi 2026;29999;4.71;45;34.0;3440;1440;180;VA;350;4000;178;178;1500;2;2.0;2;1.4;False;False;False;0;True;False;False;False
Acer;SA242YH1bi;6999;4.82;142;23.8;1920;1080;100;VA;250;3000;178;178;;1;1.4;0;;True;False;False;0;False;False;False;False
Hisense;27G6Q PRO;22999;4.88;69;27.0;2560;1440;320;IPS;320;1000;178;178;;2;;1;;False;False;False;0;True;False;False;False
DEXP;DF27N1;9699;4.84;1700;27.0;1920;1080;100;IPS;300;1300;178;178;;1;2.1;0;;True;False;False;0;False;False;False;False
AOC;24B36X;8599;4.82;371;23.8;1920;1080;144;IPS;250;1500;178;178;;1;1.4;1;1.4;False;False;False;0;False;False;True;False
Philips;27M2C5200W;13499;4.86;108;27.0;1920;1080;280;VA;300;4000;178;178;1500;2;2.0;1;1.4;False;False;False;0;False;False;True;False
ASUS;VA249HG;8999;4.81;117;23.8;1920;1080;120;IPS;300;1500;178;178;;1;1.4;0;;True;False;False;0;False;False;True;False
ARDOR GAMING;PORTAL V2 AF24H1;11999;4.75;196;23.8;1920;1080;240;IPS;300;1000;178;178;;2;2.1;1;1.4;False;False;False;0;True;True;False;False
Samsung;Odyssey G4 G40B S25BG400EI;17199;4.71;810;25.0;1920;1080;240;IPS;400;1000;178;178;;2;2.0;1;1.2;False;False;False;0;True;True;False;False
MSI;PRO MP275W E2;11999;4.89;375;27.0;1920;1080;120;IPS;300;1500;178;178;;1;2.0;1;1.2a;True;False;False;0;False;False;True;False
Samsung;Odyssey G5 G50F;17999;4.72;55;27.0;2560;1440;180;IPS;300;1000;178;178;;1;2.0;1;1.2;False;False;False;0;True;True;False;False
Aceline;GS CQ27N1S;11599;4.75;37;27.0;2560;1440;200;IPS;300;1000;178;178;;2;2.1;2;1.4;False;False;False;0;True;False;False;False
MSI;PRO MP251 E2;10499;4.89;303;24.5;1920;1080;120;IPS;300;1500;178;178;;1;2.0;1;1.4a;True;False;False;0;False;False;True;False
Samsung;S4 S40GD S27D400GAI;12399;4.77;48;27.0;1920;1080;100;IPS;250;1000;178;178;;2;1.4;1;1.2;False;False;False;2;False;False;False;False
Hisense;24G3Q;9999;4.73;75;24.0;1920;1080;240;IPS;320;1000;178;178;;2;2.0;1;;False;False;False;0;True;False;False;False
Samsung;Odyssey G5 G55C S27CG550EI;16499;4.71;224;27.0;2560;1440;165;VA;300;2500;178;178;1000;1;2.0;1;1.2;False;False;False;0;True;False;False;False
Acer;KA272UAbmipx;9999;4.75;71;27.0;2560;1440;75;IPS;250;1000;178;178;;1;2.0;1;1.2;False;False;False;0;True;False;False;False
Samsung;Odyssey OLED G6 G60SD S27DG600SI;58999;4.76;422;27.0;2560;1440;360;OLED;250;1000000;178;178;;2;2.1;1;1.4;False;False;False;2;True;False;False;False
LG;UltraGear 27G411A-B;9599;4.84;72;27.0;1920;1080;144;IPS;250;1500;178;178;;1;2.0;1;1.4;False;False;False;0;True;True;False;False
Philips;24E1N2100D;7499;4.83;29;23.8;1920;1080;120;IPS;300;1500;178;178;;1;1.4;0;;True;True;False;0;False;False;True;False
DEXP;DF24H1S;7699;0.0;25;23.8;1920;1080;144;IPS;250;1500;178;178;;1;2.1;1;1.4;False;False;False;0;False;False;True;False
MSI;MAG 274F;13499;4.84;544;27.0;1920;1080;200;IPS;300;1000;178;178;;1;2.0b;1;1.2a;False;False;False;0;False;False;True;False
MSI;MAG 274QRFW X32;26999;4.75;324;27.0;2560;1440;320;IPS;400;1000;178;178;;2;2.1;1;1.4a;False;False;False;0;False;False;True;False
ARDOR GAMING;DARKHAVEN AF27N1;12999;4.8;86;27.0;1920;1080;240;IPS;300;1000;178;178;;2;2.1;1;1.4;False;False;False;0;True;True;False;False
ARDOR GAMING;PORTAL AF24H1;11699;4.75;938;23.8;1920;1080;180;IPS;300;1000;178;178;;2;2.0;1;1.4;False;False;False;0;True;True;False;False
DEXP;DQ27N1 V3;12199;4.88;76;27.0;2560;1440;144;IPS;300;1500;178;178;;2;2.1;1;1.4;False;False;False;0;False;False;False;False
Samsung;ViewFinity S6 S61F S27F610EAI;15899;4.91;85;27.0;2560;1440;100;IPS;300;1000;178;178;;1;2.0;1;1.2;False;False;False;0;False;False;False;False
Samsung;Odyssey G6 S27FG606EI;31999;4.69;186;27.0;2560;1440;350;IPS;350;1000;178;178;;1;2.1;1;1.4;False;False;False;0;True;True;False;False
DEXP;DF27N4;9099;4.9;20;27.0;1920;1080;144;IPS;300;1500;178;178;;1;1.4;0;;True;False;False;0;True;False;False;False
Acer;EK221QHbi;6499;4.69;143;21.5;1920;1080;100;VA;250;3000;178;178;;1;1.4;0;;True;False;False;0;True;False;False;False
Aceline;CF20N2;4999;4.58;93;19.5;1600;900;75;TN;220;600;140;110;;1;1.4;0;;True;False;False;0;False;False;False;False
ASUS;TUF Gaming VG32WQ3B;22999;4.88;114;31.5;2560;1440;180;VA;300;3500;178;178;1500;2;2.0;1;1.4;False;False;False;0;True;False;False;False
DEXP;DF22N3S;5899;4.77;1000;21.45;1920;1080;100;VA;250;3000;178;178;;1;1.4;0;;True;False;False;0;True;False;False;False
MSI;G275L E14;10299;4.71;311;27.0;1920;1080;144;IPS;300;1500;178;178;;1;2.0;1;1.2a;False;False;False;0;False;False;True;False
AOC;CS25G;18999;4.66;143;24.5;1920;1080;310;IPS;350;1000;176;170;;2;2.0;1;1.4;False;False;False;0;False;True;False;False
Samsung;Odyssey OLED G6 S27FG602SI;69999;4.77;189;27.0;2560;1440;500;OLED;300;1000000;178;178;;2;2.1;1;1.4;False;False;False;2;True;True;False;False
AOC;24G11ZE;11999;4.66;164;23.8;1920;1080;240;IPS;300;1000;178;178;;1;2.0;1;1.4;False;False;False;0;False;False;True;False
MSI;PRO MP225V;6999;4.75;162;21.45;1920;1080;100;VA;300;4000;178;178;;1;1.4b;0;;True;False;False;0;False;False;True;False
ARDOR GAMING;PORTAL V2 AF24H1;12399;4.75;196;23.8;1920;1080;240;IPS;300;1000;178;178;;2;2.1;1;1.4;False;False;False;0;True;True;False;False
AOC;24B15H3;6999;4.95;24;23.8;1920;1080;120;IPS;250;1000;178;178;;1;1.4;0;;True;False;False;0;False;False;False;False
AOC;CU34G4;24399;4.77;364;34.0;3440;1440;180;VA;300;2500;178;178;1500;2;2.0;1;1.4;False;False;False;0;True;False;True;False
Samsung;LS27HG610SIXCI;45999;4.92;27;27.0;2560;1440;240;OLED;400;1000000;178;178;;1;2.1;1;1.4;False;False;False;0;True;False;False;False
TCL;27G64 QD;19999;4.81;479;27.0;2560;1440;180;VA;600;5000;178;178;;2;2.1;1;1.4;False;False;False;0;True;True;False;False
DEXP;DF24N1;7499;4.84;172;23.8;1920;1080;100;IPS;300;1000;178;178;;1;2.0;0;;True;False;False;0;True;False;False;False
Aceline;CF24N2;6799;4.71;65;23.8;1920;1080;100;IPS;250;1000;178;178;;1;1.4;0;;True;False;False;0;False;False;False;False
MSI;MAG 27CQ6PF;16999;4.86;116;27.0;2560;1440;180;VA;300;5000;178;178;1500;2;2.0b;1;1.4;False;False;False;0;True;False;False;False
ARDOR GAMING;QUASAR AQW34H3;26999;4.8;873;34.0;3440;1440;180;VA;350;4000;178;178;1500;2;2.1;1;1.4;False;False;False;2;True;True;False;False
MSI;MAG 27CQ6F;19499;4.81;517;27.0;2560;1440;180;VA;300;5000;178;178;1500;2;2.0b;1;1.4;False;False;False;0;False;False;True;False
TCL;27P3A;25999;4.69;56;27.0;2560;1440;260;IPS;1200;1000;178;178;;2;2.1;1;1.4;False;False;False;0;True;False;True;False
Aceline;GS CF27N1S;9799;4.67;39;27.0;1920;1080;200;IPS;350;1000;178;178;;1;2.1;1;1.2;False;False;False;0;True;True;False;False
ARDOR GAMING;AURORA AQ27H3;17499;4.79;266;27.0;2560;1440;180;VA;300;5000;178;178;1500;2;2.0;2;1.4;False;False;False;0;True;True;False;False
GIGABYTE;GS27FC2 EK;14999;4.69;76;27.0;1920;1080;240;VA;350;3000;178;178;1500;2;2.0;1;1.4;False;False;False;0;False;False;True;False
Asus;ROG STRIX XG27AQDMES;49999;4.85;34;26.5;2560;1440;240;OLED;400;1500000;178;178;;1;2.1;1;1.4;False;False;False;0;True;True;True;False
ASUS;ROG Strix XG32UCG;53999;4.84;116;31.5;3840;2160;160;IPS;400;1000;178;178;;1;2.1;1;1.4;False;False;True;0;True;True;False;False
ARDOR GAMING;SUPERNOVA PRO AQ32H1UE;21899;4.57;47;31.5;2560;1440;180;IPS;300;1000;178;178;;2;2.1;2;1.4;False;False;False;1;True;False;False;False
MSI;PRO MP251P;12999;4.86;142;24.5;1920;1080;100;IPS;300;1300;178;178;;1;1.4b;0;;True;False;False;0;True;False;False;False
DEXP;DF27N1 V2;9699;4.92;39;27.0;1920;1080;144;IPS;300;1500;178;178;;1;2.1;1;1.2;True;False;False;0;True;False;False;False
DEXP;DQ27N2;10699;4.77;199;27.0;2560;1440;100;IPS;300;1300;178;178;;1;2.0;1;1.4;False;False;False;0;True;True;False;False
Aceline;GS CF24N4;7499;4.65;230;23.8;1920;1080;180;IPS;300;1000;178;178;;1;1.4;1;1.2;False;False;False;0;False;False;True;False
ARDOR GAMING;INFINITY ULTRA AQ27H1;23599;4.61;91;27.0;2560;1440;300;IPS;400;1000;178;178;;2;2.1;2;1.4;False;False;False;0;True;True;False;False
ARDOR GAMING;PORTAL AF24H1;12999;4.69;11000;23.8;1920;1080;144;IPS;280;1000;178;178;;2;2.0;2;1.4;False;False;False;0;True;True;False;False
Acer;KG241YP3bip;8999;4.85;136;23.8;1920;1080;180;VA;250;3000;178;178;;1;2.0;1;1.2;False;False;False;0;True;False;False;False
Samsung;Odyssey G8 G85SD S34DG852SI;76299;4.87;174;34.0;3440;1440;175;OLED;250;1000000;178;178;1800;2;2.1;1;1.4;False;False;False;2;True;True;False;True
ASUS;ProArt PA279CRV;39999;4.76;93;27.0;3840;2160;60;IPS;400;1000;178;178;;2;2.0;2;1.4;False;False;True;4;False;False;False;False
ARDOR GAMING;DARKHAVEN AF27N1;12199;4.8;86;27.0;1920;1080;240;IPS;300;1000;178;178;;2;2.1;1;1.4;False;False;False;0;True;True;False;False
ARDOR GAMING;RELICT AQ24H1;15399;4.76;251;23.8;2560;1440;180;IPS;350;1000;178;178;;2;2.1;2;1.4;False;False;False;0;True;True;False;False
Samsung;Odyssey G3 G30D S32DG300EI;22799;4.82;209;32.0;1920;1080;180;VA;250;3000;178;178;;1;2.0;1;1.4;False;False;False;0;True;False;False;False
ARDOR GAMING;FRONTIER PRO AF27H3;16299;4.9;161;27.0;1920;1080;300;VA;400;4000;178;178;1500;2;2.1;1;1.4;False;False;False;0;True;True;False;False
LG;27U411A-B;10499;4.92;40;27.0;1920;1080;120;IPS;250;1500;178;178;;1;2.0;0;;True;False;False;0;False;False;True;False
TCL;27P2A PRO;23999;0.0;24;27.0;2560;1440;320;IPS;800;1000;178;178;;2;2.1;1;1.4;False;False;False;0;True;False;False;False
DEXP;DQ27H1 V2;13999;4.93;28;27.0;2560;1440;144;IPS;300;1500;178;178;;2;2.0;1;1.4;False;False;False;0;True;True;False;False
MSI;MAG 321CQF E18;19999;4.67;127;31.5;2560;1440;180;VA;300;3000;178;178;1500;2;2.0b;1;1.4a;False;False;False;0;False;False;True;False
MSI;MAG 272QP QD-OLED X50;69999;4.73;107;26.5;2560;1440;500;OLED;1000;1500000;178;178;;2;2.1;1;1.4a;False;False;True;0;False;False;True;False
ARDOR GAMING;PORTAL AF24H1;11499;4.76;11000;23.8;1920;1080;144;IPS;280;1000;178;178;;2;2.0;2;1.4;False;False;False;0;True;True;False;False
MSI;PRO MP251W E2;10999;4.86;194;24.5;1920;1080;120;IPS;300;1500;178;178;;1;2.0;1;1.4a;True;False;False;0;False;False;True;False
Philips;27M2N3500PF;17399;4.43;228;27.0;2560;1440;260;IPS;300;1000;178;178;;2;2.0;1;1.4;False;False;False;0;False;False;True;False
Asus;ROG STRIX XG27AQWMG;62999;0.0;16;26.5;2560;1440;280;OLED;1500;1500000;178;178;;1;2.1;1;1.4;False;False;False;2;False;False;True;False
LG;UltraGear 27GS65F-B;12999;4.75;205;27.0;1920;1080;180;IPS;300;1000;178;178;;1;2.0;1;1.4;False;False;False;0;True;True;False;False
Samsung;Odyssey G3 G30D S24DG300EI;13999;4.82;209;24.0;1920;1080;180;VA;250;3000;178;178;;1;2.0;1;1.4;False;False;False;0;True;False;False;False
DEXP;DF24N4;7399;4.83;122;23.8;1920;1080;144;IPS;300;1500;178;178;;1;1.4;0;;True;False;False;0;True;False;False;False
LG;UltraGear 32GR93U-B;39999;4.61;335;31.5;3840;2160;144;IPS;500;1000;178;178;;2;2.1;1;1.4;False;False;False;2;True;False;False;False
MSI;PRO MP273Q E14;13799;4.9;10;27.0;2560;1440;144;IPS;300;1500;178;178;;2;2.0b;1;1.2a;False;False;False;0;False;False;True;False
ASUS;ROG Strix XG32WCS;29999;4.9;158;31.5;2560;1440;180;VA;400;3500;178;178;1500;1;2.0;1;1.4;False;False;True;0;True;False;False;False
ASUS;TUF Gaming VG259Q5A;12499;4.82;86;24.5;1920;1080;200;IPS;300;1000;178;178;;2;2.0;1;1.4;False;False;False;0;True;True;False;False
Samsung;Odyssey OLED G9 G93SD S49DG932SI;94999;4.78;103;49.0;5120;1440;240;OLED;250;1000000;178;178;1800;1;2.1;1;1.4;False;False;False;2;True;True;False;False
LG;24U411A-B;7199;4.79;52;23.8;1920;1080;120;IPS;250;1500;178;178;;1;1.4;0;;True;False;False;0;False;False;True;False
Asus;ROG STRIX XG27AQDNG;69999;4.83;13;26.5;2560;1440;360;OLED;1000;1500000;178;178;;1;2.1;1;1.4;False;False;False;2;True;True;False;False
Machenike;MJF24F200;7999;4.61;109;23.8;1920;1080;200;IPS;250;1000;178;178;;2;2.0;1;1.4;False;False;False;0;False;False;True;False
ASUS;TUF Gaming VG34VQ3B;28599;4.84;218;34.0;3440;1440;180;VA;400;4000;178;178;1500;2;2.0;2;1.4;False;False;False;4;True;False;True;False
MSI;"27"" MAG 274QRFW E20";22199;4.72;67;27.0;2560;1440;200;IPS;400;1000;178;178;;2;2.0b;1;1.4a;False;False;False;0;True;True;False;False
ASUS;VA279QG;10999;4.69;39;27.0;1920;1080;120;IPS;300;1500;178;178;;1;1.4;1;1.2;True;False;False;0;False;False;True;False
MSI;MAG 401QR;38999;4.78;201;40.0;3440;1440;155;IPS;400;1000;178;178;;2;2.0;1;1.4a;False;False;True;2;False;False;True;False
ASUS;TUF Gaming VG249QM5A;15999;4.77;59;23.8;1920;1080;240;IPS;300;1000;178;178;;2;2.0;1;1.4;False;False;False;0;True;True;False;False
LG;UltraWide 29U511A-B;14199;4.61;49;29.0;2560;1080;100;IPS;250;1000;178;178;;1;2.0;1;1.4;False;False;False;0;True;False;False;False
Dell;P2425H;19199;4.92;38;23.8;1920;1080;100;IPS;250;1500;178;178;;1;1.4;1;1.2;True;False;False;4;False;False;False;False
ASUS;VA27DQFS;13999;0.0;13;27.0;1920;1080;100;IPS;300;1000;178;178;;1;1.4;1;1.2;True;False;False;2;False;False;True;False
iFFALCON;R24Q51;6999;4.88;58;24.0;1920;1080;100;VA;450;1500;178;178;;1;1.4;0;;True;False;False;0;False;False;False;False
ARDOR GAMING;AURORA AQ27H3;17699;4.79;266;27.0;2560;1440;200;VA;300;5000;178;178;1500;2;2.1;2;1.4;False;False;False;0;True;True;False;False
ASUS;TUF Gaming VG259QL5A;12999;4.8;61;24.5;1920;1080;200;IPS;300;1000;178;178;;2;2.0;1;1.4;False;False;False;0;True;True;True;False
Aceline;CF24N1S;7999;4.67;27;23.8;1920;1080;200;IPS;300;1000;178;178;;1;2.1;1;1.4;False;False;False;0;True;False;False;False
Samsung;S3 S30GD S24D300GAI;8299;4.6;101;24.0;1920;1080;100;IPS;250;1000;178;178;;1;1.4;0;;True;False;False;0;False;False;False;False
DEXP;GS DQW34N2;19999;4.93;14;34.0;3440;1440;180;VA;300;3000;178;178;1000;2;2.1;2;1.4;False;False;False;0;True;False;False;False
AOC;C27G42E;11999;4.87;47;27.0;1920;1080;180;VA;300;3000;178;178;1500;2;2.0;1;1.4;False;False;False;0;False;False;True;False
iFFALCON;R25Q51;8999;4.92;135;24.5;1920;1080;144;IPS;450;1500;178;178;;1;1.4;0;;True;False;False;0;False;False;False;False
Acer;Nitro VG270UX1bmiipx;15899;4.83;61;27.0;2560;1440;200;IPS;250;1000;178;178;;2;2.0;1;1.4;False;False;False;0;True;False;False;False
MSI;Modern MD2712PW;13499;4.81;79;27.0;1920;1080;100;IPS;300;1000;178;178;;1;1.4;0;;False;False;True;0;False;False;True;False
MSI;"15.6"" PRO MP165 E6";11499;4.89;46;15.6;1920;1080;60;IPS;250;1000;178;178;;1;2.0b;0;;False;False;True;0;False;False;False;False
LG;UltraGear 25G550B-B;15699;0.0;15;25.0;1920;1080;300;IPS;240;1000;178;178;;2;2.0;1;1.4;False;False;False;0;True;True;False;False
ARDOR GAMING;NEUTRON V2 AF25H1;21699;4.48;54;24.5;1920;1080;360;IPS;400;1000;178;178;;2;2.1;2;1.4;False;False;False;0;True;True;False;False
Samsung;Essential S3 S32GF S27F320GAI;9599;4.84;97;27.0;1920;1080;120;IPS;250;1000;178;178;;2;1.4;0;;False;False;False;0;False;False;False;False
ASUS;TUF Gaming VG27WQ3B;19999;4.79;138;27.0;2560;1440;180;VA;300;5000;178;178;1500;2;2.0;1;1.4;False;False;False;0;True;False;False;False
MSI;PRO MP251L E2;7999;4.83;124;24.5;1920;1080;120;IPS;250;1500;178;178;;1;1.4;0;;True;False;False;0;False;False;True;False
LG;UltraGear 27GS60QC-B;16499;4.86;224;27.0;2560;1440;180;VA;300;3000;178;178;1000;2;2.0;1;1.4;False;False;False;0;True;False;False;False
Acer;SB322QUEbmipx;19699;4.96;23;31.5;2560;1440;100;IPS;300;1000;178;178;;1;2.0;1;1.2;False;False;False;0;True;False;False;False
Asus;ProArt Display PA278QGV;26499;4.78;27;27.0;2560;1440;;IPS;350;1500;178;178;;1;2.0;1;1.4;False;False;False;4;False;False;False;False
MSI;MAG 275QF E20;16999;4.93;28;27.0;2560;1440;200;IPS;300;1200;178;178;;2;2.0b;1;1.4a;False;False;False;0;True;False;True;False
MSI;MAG 321UP QD-OLED;69999;4.87;87;31.5;3840;2160;165;OLED;1000;1500000;178;178;;2;2.1;1;1.4a;False;False;True;0;True;False;False;False
MSI;MAG 272F X24;15999;4.81;52;27.0;1920;1080;240;IPS;300;1000;178;178;;2;2.0b;1;1.2a;False;False;False;0;False;False;True;False
Samsung;Odyssey G3 G30D S27DG300EI;13499;4.79;114;27.0;1920;1080;180;VA;250;3000;178;178;;1;2.0;1;1.4;False;False;False;0;True;False;False;False
DEXP;DU32N1;15999;4.65;95;31.5;3840;2160;60;VA;300;3000;178;178;;2;2.0;1;1.4;False;False;False;0;True;True;False;False
LG;UltraGear 24GS65F-B;10999;4.71;327;23.8;1920;1080;180;IPS;300;1000;178;178;;1;2.0;1;1.4;False;False;False;0;True;True;False;False
MSI;Modern MD2412PW;13999;4.83;159;23.8;1920;1080;100;IPS;300;1000;178;178;;1;1.4;0;;False;False;True;0;True;False;False;False
DEXP;DF22N1K;5899;4.71;30;21.45;1920;1080;100;VA;250;3000;178;178;;1;1.4;0;;True;False;False;0;True;False;False;False
LG;UltraFine 27US500-W;20999;4.8;117;27.0;3840;2160;60;IPS;300;1000;178;178;;2;2.0;1;1.4;False;False;False;0;False;False;False;False
DEXP;DF22N2;6199;4.72;487;21.45;1920;1080;100;VA;250;3000;178;178;;1;1.4;0;;True;False;False;0;False;False;False;False
LG;UltraGear 27GS60F-B;11999;4.87;356;27.0;1920;1080;180;IPS;300;1000;178;178;;1;2.0;1;1.4;False;False;False;0;True;True;False;False
MSI;MPG 341CQPX QD-OLED;84999;4.77;185;34.0;3440;1440;240;OLED;1000;1500000;178;178;1800;2;2.1;1;1.4a;False;False;True;2;False;False;True;False
LG;25MS500-B;6999;4.86;126;24.5;1920;1080;100;IPS;250;1000;178;178;;2;1.4;0;;False;False;False;0;False;False;False;False
Samsung;Odyssey G5 G55C S32CG550EI;22299;4.69;200;31.5;2560;1440;165;VA;300;2500;178;178;1000;1;2.0;1;1.2;False;False;False;0;True;False;False;False
ARDOR GAMING;NOVA AF27H1UE;14199;4.83;336;27.0;1920;1080;180;IPS;300;1000;178;178;;2;2.1;1;1.4;False;False;False;2;True;True;False;False
ASUS;TUF Gaming VG34VQL3A;28999;4.81;210;34.0;3440;1440;180;VA;400;4000;178;178;1500;2;2.0;2;1.4;False;False;False;3;True;False;True;False
Acer;Nitro KG270X1bmiipx;10199;4.68;40;27.0;1920;1080;200;IPS;250;1000;178;178;;2;2.0;1;1.4;False;False;False;0;True;False;False;False
Titan;Army P27A2R;15999;4.72;977;27.0;2560;1440;200;IPS;300;1000;178;178;2;2;2.0;2;1.4;False;False;False;0;False;False;True;False
MSI;MPG 346CQRF X24;37999;4.65;83;34.0;3440;1440;240;VA;400;4000;178;178;1500;2;2.1;1;1.4a;False;False;True;2;False;False;True;False
Samsung;Essential S3 S30GD S27D300GAI;10199;4.74;142;27.0;1920;1080;100;IPS;250;1000;178;178;;1;1.4;0;;True;False;False;0;False;False;False;False
TCL;32G64 QD-MiniLED;29999;4.73;188;32.0;2560;1440;180;VA;600;3500;178;178;;2;2.1;1;1.4;False;False;False;0;True;True;False;False
ARDOR GAMING;SUPERNOVA PRO AQ32H1UE;27599;4.78;783;31.5;2560;1440;165;IPS;350;1200;178;178;;2;2.1;1;1.4;False;False;False;2;True;True;False;False
MSI;MAG 342CQRF E20;28999;4.59;15;34.0;3440;1440;200;VA;300;3500;178;178;1500;2;2.0b;1;1.4;False;False;False;0;False;False;True;False
Philips;27M2N5500Q/60;19999;4.91;23;27.0;2560;1440;200;IPS;350;1200;178;178;;2;2.0;1;1.4;False;False;False;0;False;True;True;False
ASUS;TUF Gaming VG279QM5A;15699;4.95;19;27.0;1920;1080;240;IPS;300;1000;178;178;;2;2.0;1;1.4;False;False;False;0;True;True;False;False
LG;UltraGear 27GS85Q-B;26899;4.73;379;27.0;2560;1440;180;IPS;400;1000;178;178;;2;2.0;1;1.4;False;False;False;2;True;True;False;False
LG;UltraGear 32G620B-B;25999;4.58;19;31.5;2560;1440;200;IPS;300;1200;178;178;;2;2.0;1;1.4;False;False;False;0;True;True;False;False
MSI;Modern MD271UL;19499;4.65;348;27.0;3840;2160;60;IPS;300;1000;178;178;;2;2.0b;1;1.2a;False;False;True;0;False;False;True;False
Acer;KA242YGbi;10499;4.87;23;23.8;1920;1080;120;IPS;250;1500;178;178;;1;1.4;0;;True;False;False;0;True;False;False;False
MSI;MPG 274URDFW E16M;47999;4.63;70;27.0;3840;2160;160;IPS;1000;1000;178;178;;2;2.1;1;1.4a;False;False;False;2;False;False;True;False
MSI;MAG 274QP QD-OLED X24;46499;4.9;50;26.5;2560;1440;240;OLED;400;1500000;178;178;;2;2.1;1;1.4;False;False;False;0;False;False;True;False
Machenike;MKF24F240;8999;4.61;81;23.8;1920;1080;240;IPS;300;1000;178;178;;2;2.0;1;1.4;False;False;False;0;False;False;True;False
LG;UltraGear 27GX700A-B;55799;4.8;90;26.5;2560;1440;280;OLED;335;1500000;178;178;;2;2.1;1;1.4;False;False;False;2;True;True;True;False
Aceline;GS CF27N4;11899;4.74;282;27.0;2560;1440;180;IPS;300;1000;178;178;;2;1.4;2;1.2;False;False;False;0;False;False;True;False
LG;UltraGear 27GR83Q-B;38999;4.74;341;27.0;2560;1440;240;IPS;500;1000;178;178;;2;2.1;1;1.4;False;False;False;2;True;True;False;False
Tecno;MegaView SE AXS24BC1;5999;4.85;48;23.8;1920;1080;100;IPS;320;1000;178;178;;1;2.0;0;;True;False;False;0;False;False;False;False
GIGABYTE;GS25F2A EK;12999;4.76;39;24.5;1920;1080;240;IPS;300;1000;178;178;;2;2.0;1;1.4;False;False;False;0;True;False;False;False
ASUS;TUF Gaming VG34VQL1B;33499;4.8;134;34.0;3440;1440;165;VA;550;4000;178;178;1500;2;2.0;2;1.4;False;False;False;4;True;False;False;False
LG;UltraGear 32GS60QC-B;21499;4.78;214;31.5;2560;1440;180;VA;300;3000;178;178;1000;2;2.0;1;1.4;False;False;False;0;True;False;False;False
ASUS;ROG Swift PG27UCDM;124999;4.82;86;26.5;3840;2160;240;OLED;1000;1500000;178;178;;2;2.1;1;2.1a;False;False;True;3;True;True;False;False
Acer;Nitro XF243YP6bipr;10999;4.83;30;23.8;1920;1080;144;IPS;250;1500;178;178;;1;1.4;1;1.2;False;False;False;0;True;False;False;False
ASUS;ROG Strix OLED XG32UCWG;79499;4.82;45;31.5;3840;2160;165;OLED;1300;1500000;178;178;;2;2.1;1;1.4;False;False;True;3;True;True;False;False
Xiaomi;G Pro 27Qi;28799;4.79;15;27.0;2560;1440;180;IPS;2000;1000;178;178;;2;2.0;2;1.4;False;False;False;0;True;False;True;False
Samsung;Odyssey OLED G6 G61SD S27DG612SI;61999;4.8;327;27.0;2560;1440;240;OLED;250;1000000;178;178;;2;2.1;1;1.4;False;False;False;2;True;True;False;False
MSI;MAG 242F;10999;4.65;116;23.8;1920;1080;200;IPS;300;1000;178;178;;1;2.0b;1;1.2a;False;False;False;0;True;False;False;False
Aceline;GS CF27F4;8999;4.64;158;27.0;1920;1080;180;IPS;300;1000;178;178;;1;1.4;1;1.2;False;False;False;0;False;False;False;False
MSI;Modern MD342CQPW;29999;4.78;65;34.0;3440;1440;120;VA;300;3500;178;178;1500;2;2.0b;1;1.4a;False;False;True;2;False;False;True;False
AOC;27G11ZE2;12999;4.62;205;27.0;1920;1080;240;IPS;300;1000;178;178;;1;2.0;1;1.4;False;False;False;0;True;False;False;False
GIGABYTE;GS27FA EU;13499;4.71;44;27.0;1920;1080;180;IPS;300;1000;178;178;;2;2.0;1;1.4;False;False;False;0;True;False;False;False
ARDOR GAMING;GATE AF24H3;10799;4.64;134;23.6;1920;1080;240;VA;350;3000;178;178;1500;2;2.1;1;1.4;False;False;False;0;True;True;False;False
Xiaomi;A22i;6999;4.75;133;21.45;1920;1080;75;VA;250;3000;178;178;;1;1.4;0;;True;False;False;0;False;False;False;False
GigaByte;MO27Q2A ICE;58999;4.88;61;27.0;2560;1440;280;OLED;250;1500000;178;178;;2;2.1;1;1.4;False;False;True;3;True;True;False;False
Machenike;MK-ZQ27F210L;14799;4.61;47;27.0;2560;1440;210;IPS;400;1000;178;178;;2;2.0;1;1.4;False;False;False;0;False;False;True;False
LG;UltraGear 25G523B-B;10599;4.91;11;25.0;1920;1080;200;IPS;300;1000;178;178;;2;2.0;1;1.4;False;False;False;0;True;True;False;False
LG;UltraFine 27UP850K-W;29399;4.84;109;27.0;3840;2160;60;IPS;400;1200;178;178;;2;2.0;1;1.4;False;False;True;2;True;False;False;False
LG;UltraWide 29U531A-W;16999;4.93;40;29.0;2560;1080;100;IPS;250;1000;178;178;;1;1.4;1;1.4;False;False;True;0;True;False;False;False
AOC;25G4S;18499;4.84;84;24.5;1920;1080;310;IPS;400;1000;178;178;;2;2.0;1;1.4;False;False;False;0;False;True;False;False
Machenike;MKQ27F240-L;18999;4.78;541;27.0;2560;1440;240;IPS;400;1000;178;178;;2;2.0;1;1.4;False;False;False;0;False;False;True;False
MSI;PRO MP273W E14A;11499;0.0;6;27.0;1920;1080;144;IPS;250;1500;178;178;;1;2.0;1;1.2a;True;False;False;0;False;False;True;False
LG;UltraGear 27G610A-B;15999;4.5;8;27.0;2560;1440;200;IPS;400;1000;178;178;;2;2.0;1;1.4;False;False;False;0;True;False;True;False
AOC;Q24B35/60;10999;4.78;9;23.8;2560;1440;;IPS;250;1300;178;178;;1;2.0;1;1.4;False;False;False;0;False;False;True;False
DEXP;GS DQ27N1S2;11899;4.83;6;27.0;2560;1440;200;IPS;350;1000;178;178;;2;;2;;False;False;False;0;True;False;False;False
AOC;AG346UCD;72999;4.92;40;34.0;3440;1440;175;OLED;1000;1500000;178;178;1800;2;2.0;1;1.4;False;False;False;3;True;True;False;False
Samsung;Odyssey G4 G40B S27BG400EI;20599;4.82;211;27.0;1920;1080;240;IPS;400;1000;178;178;;2;2.0;1;1.2;False;False;False;0;True;True;False;False
ARDOR GAMING;LINK AF24H1UE;10999;4.61;864;23.8;1920;1080;180;IPS;350;1000;178;178;;1;2.0;1;1.4;False;False;False;2;True;True;False;False
GIGABYTE;MO27Q2A EK;51499;4.88;61;27.0;2560;1440;280;OLED;250;1500000;178;178;;2;2.1;1;1.4;False;False;True;3;True;True;False;False
Machenike;MKF25F300;12999;4.55;168;24.5;1920;1080;300;IPS;400;1000;178;178;;2;2.0;1;1.4;False;False;False;0;False;False;True;False
LG;27U631A-B;12499;4.59;32;27.0;2560;1440;100;IPS;250;1000;178;178;;1;2.0;0;;False;False;True;0;False;False;False;False
MSI;PRO MP273AW;12499;4.82;2500;27.0;1920;1080;100;IPS;300;1000;178;178;;1;1.4b;1;1.2a;True;False;False;0;False;False;True;False
Titan;Army P2510S;16199;4.88;8;24.5;2560;1440;240;IPS;350;1000;178;178;;2;2.0;2;1.4;False;False;False;0;False;False;True;False
Acer;EK271KL1Mbmiipx;15999;4.62;21;27.0;3840;2160;72;IPS;250;1000;178;178;;2;2.0;1;1.2;False;False;False;0;True;False;False;False
Samsung;Odyssey OLED G8 G81SF S27FG812SI;79999;4.9;25;27.0;3840;2160;240;OLED;260;1000000;178;178;;2;2.1;1;1.4;False;False;False;2;True;True;False;False
ARDOR GAMING;INFINITY AF27H1;13399;4.66;230;27.0;1920;1080;180;IPS;300;1000;178;178;;2;2.0;1;1.4;False;False;False;0;True;True;False;False
ARDOR GAMING;FRONTIER AF27H3;13999;4.83;405;27.0;1920;1080;180;VA;400;3000;178;178;1500;2;2.0;1;1.4;False;False;False;0;True;True;False;False
ASUS;ROG Strix XG27UCS;40999;4.67;85;27.0;3840;2160;160;IPS;400;1000;178;178;;1;2.1;1;1.4;False;False;True;0;True;True;True;False
Samsung;Odyssey G7 G70F S27FG706EI;43499;4.89;31;27.0;3840;2160;180;IPS;350;1000;178;178;;2;2.1;1;1.4;False;False;False;2;True;True;False;False
Acer;SA242YUP1bmipx;12999;4.66;58;23.8;2560;1440;144;IPS;250;1500;178;178;;1;2.0;1;1.4;False;False;False;0;True;False;False;False
Philips;24E1N1100A/01;9499;4.72;95;23.8;1920;1080;100;IPS;250;1300;178;178;;1;1.4;0;;True;False;False;0;False;False;True;False
MSI;MAG 272URDF E16;28999;4.47;82;27.0;3840;2160;160;IPS;400;1000;178;178;;2;2.1;1;1.4a;False;False;False;2;True;False;True;False
LG;27BA65QB-B;27999;4.86;82;27.0;2560;1440;100;IPS;350;1000;178;178;;1;2.0;1;1.4;False;False;True;4;False;False;False;False
ASUS;TUF Gaming VG34VQEL1A;25999;4.79;271;34.0;3440;1440;100;VA;300;3000;178;178;1500;2;2.0;1;1.2;False;False;False;3;True;False;False;False
MSI;MAG 276CXF;15499;4.77;120;27.0;1920;1080;280;VA;300;4000;178;178;1500;2;2.0b;1;1.4a;False;False;False;0;False;False;True;False
AOC;27G4HA;13499;0.0;5;27.0;1920;1080;200;IPS;300;1000;178;178;;2;2.0;1;1.4;False;False;False;0;True;True;True;False
MSI;MAG 325QF E18V;24999;4.8;79;31.5;2560;1440;180;VA;300;3500;178;178;;2;2.0b;1;1.4a;False;False;False;0;False;False;True;False
Samsung;Odyssey G7 G75F S40FG756EI;77999;4.86;37;40.0;5120;2160;180;VA;350;3000;178;178;1000;2;2.1;1;1.4;False;False;False;2;True;False;False;False
Samsung;S4 S40GD S24D400GAI;11999;4.66;65;24.0;1920;1080;100;IPS;250;1000;178;178;;2;1.4;1;1.2;False;False;False;2;False;False;False;False
Titan;Army P2510H;10799;4.8;238;24.5;1920;1080;240;IPS;350;1000;178;178;;2;2.0;2;1.4;False;False;False;0;False;False;True;False
Titan;Army P2510G;9599;4.8;50;24.5;1920;1080;200;IPS;350;1000;178;178;;1;2.0;1;1.4;False;False;False;0;True;False;False;False
LG;UltraGear 24G411A-B;8399;4.7;37;23.8;1920;1080;144;IPS;250;1500;178;178;;1;2.0;1;1.4;False;False;False;0;True;True;False;False
MSI;PRO MP341CQW;25799;4.81;93;34.0;3440;1440;100;VA;300;3000;178;178;1500;2;2.0b;1;1.2a;False;False;False;0;True;False;False;False
MSI;MAG 32C6X;19899;4.79;101;31.5;1920;1080;250;VA;250;3000;178;178;1500;2;2.0b;1;1.2a;False;False;False;0;False;False;True;False
Machenike;MKQ27F300L;24999;4.78;541;27.0;2560;1440;300;IPS;400;1000;178;178;;2;2.0;1;1.4;False;False;False;0;False;False;True;False
MSI;PRO MP242A E2;12199;4.8;90;23.8;1920;1080;120;IPS;300;1500;178;178;;1;1.4b;1;1.2a;True;False;False;0;False;False;True;False
AOC;CQ32G4VE;21999;4.81;31;31.5;2560;1440;180;VA;300;3500;178;178;1500;2;2.0;1;1.4;False;False;False;0;True;False;False;False
ASUS;VA279HG;11499;4.95;75;27.0;1920;1080;120;IPS;300;1500;178;178;;1;1.4;0;;True;False;False;0;False;False;True;False
ASUS;TUF Gaming VG27VQM;19499;4.6;112;27.0;1920;1080;240;VA;350;3000;178;178;1500;2;2.0;1;1.2;False;False;False;2;True;False;False;False
TCL;27C2A;33999;4.81;16;27.0;3840;2160;160;IPS;1200;1000;178;178;;2;2.1;1;1.4;False;False;False;0;True;True;True;False
ARDOR GAMING;NEUTRON AF25H1;13399;4.54;27;24.5;1920;1080;300;VA;300;1000;178;178;;2;2.1;1;1.4;False;False;False;0;True;True;False;False
Hisense;27G6K-PRO;20999;4.49;227;27.0;2560;1440;240;IPS;320;1000;89;89;;2;;1;;False;False;False;0;True;False;False;False
TCL;32R84;63999;4.9;21;31.5;3840;2160;165;VA;1400;4000;178;178;;2;2.1;1;1.4;False;False;True;4;True;True;True;False
MSI;MAG 322URDF E16;46999;4.62;66;31.5;3840;2160;160;IPS;450;1000;178;178;;2;2.1;1;1.4a;False;False;False;2;False;False;True;False
Samsung;M7 M70F S32FM702UI;28999;4.85;34;32.0;3840;2160;60;VA;300;3000;178;178;;2;2.0;0;;False;False;True;3;False;False;False;True
Acer;Nitro VG270KV4bmiipx;27999;4.84;31;27.0;3840;2160;160;IPS;250;1000;178;178;;2;2.1;1;1.4;False;False;False;0;True;False;False;False
MSI;G272QPF E2;21999;4.63;604;27.0;2560;1440;180;IPS;300;1200;178;178;;2;2.0b;1;1.4;False;False;False;0;False;False;True;False
DEXP;GS DF24N1S2;7599;4.5;15;23.8;1920;1080;200;IPS;300;1000;178;178;;1;2.1;1;1.4;False;False;False;0;True;False;False;False
DEXP;DQ27H1;14399;4.87;77;27.0;2560;1440;100;IPS;300;1300;178;178;;2;2.0;1;1.4;False;False;False;0;True;True;False;False
AOC;U32G4U;39999;4.54;7;31.5;3840;2160;160;IPS;450;1000;178;178;;2;2.1;1;1.4;False;False;False;5;False;True;False;False
ARDOR GAMING;AURORA AQ27H3;19999;4.81;945;27.0;2560;1440;165;VA;300;4000;178;178;1500;2;2.1;2;1.2;False;False;False;0;True;True;False;False
Samsung;ViewFinity S8 S80UD S37D802UAI;39999;4.78;41;37.0;3840;2160;60;VA;350;3000;178;178;;1;2.0;1;1.2;False;False;False;3;False;False;False;False
Hisense;24N3Q-PRO;8999;0.0;8;24.0;1920;1080;144;IPS;250;1000;89;89;;1;;1;;True;False;False;0;False;False;True;False
LG;UltraWide 34U601B-B;21499;0.0;7;34.0;3440;1440;120;VA;250;3000;178;178;1800;1;2.0;1;1.4;False;False;False;0;True;False;False;False
MSI;PRO MP275QPDG;30999;4.71;17;27.0;2560;1440;100;IPS;250;1300;178;178;;2;2.0b;1;1.2a;False;False;True;4;False;False;True;False
TCL;27P2A;17999;4.55;11;27.0;2560;1440;200;IPS;600;;178;178;;2;2.1;1;1.4;False;False;False;0;True;True;False;False
Acer;Nitro QG271P6bip;12499;4.86;21;27.0;1920;1080;144;IPS;250;1500;178;178;;1;1.4;1;1.2;False;False;False;0;True;False;False;False
Asus;TUF Gaming VG27UQEL5A;25999;0.0;5;27.0;3840;2160;80;IPS;400;1000;178;178;;2;2.0;1;1.4;False;False;False;1;True;True;True;False
Acer;Nitro ED270W0bmiipx;14999;4.88;26;27.0;1920;1080;240;VA;250;3000;178;178;1500;2;2.0;1;1.4;False;False;False;0;True;False;False;False
Acer;SB322QAbi;15999;4.67;34;31.5;1920;1080;75;IPS;300;1000;178;178;;1;1.4;0;;True;False;False;0;True;False;False;False
MSI;MAG 272QPW QD-OLED X28;52999;4.58;57;26.5;2560;1440;280;OLED;1000;1500000;178;178;;2;2.1;1;1.4a;False;False;True;0;False;False;True;False
MSI;G255PF E2;14999;4.74;193;24.5;1920;1080;180;IPS;300;1000;178;178;;2;2.0;1;1.2;False;False;False;0;False;False;True;False
MSI;PRO MP242L;9099;4.92;41;23.8;1920;1080;100;IPS;250;1000;178;178;;1;1.4b;1;1.2a;False;False;False;0;False;False;True;False
Hisense;24N3G-PRO;6899;4.74;96;23.8;1920;1080;100;IPS;250;1000;178;178;;1;1.4;0;;True;False;False;0;False;False;True;False
GigaByte;"26.5"" MO27Q3 EK";66999;0.0;5;26.5;2560;1440;360;OLED;1000;1500000;178;178;;2;2.1;1;1.4;False;False;False;3;True;True;False;False
Tecno;MegaView GT AXS34MK1;23199;4.87;55;34.0;3440;1440;;VA;;;;;1500;2;;0;;False;False;False;0;False;False;False;False
Machenike;MCF25F200L;11999;4.86;81;24.5;1920;1080;200;IPS;300;1000;178;178;;2;2.0;1;1.4;False;False;False;0;False;False;True;False
LG;24MS500-B;6999;4.81;108;23.8;1920;1080;100;IPS;250;1000;178;178;;2;1.4;0;;False;False;False;0;False;False;False;False
LG;UltraGear 45GX950A-B;164999;4.91;22;44.5;5120;2160;165;OLED;1300;1500000;178;178;800;2;2.1;1;2.1;False;False;True;2;True;True;False;False
Samsung;Odyssey G5 G50D S27DG500EI;24999;4.56;207;27.0;2560;1440;180;IPS;350;1000;178;178;;1;;1;;False;False;False;0;True;False;False;False
ASUS;ProArt PA34VCNV;56999;4.96;24;34.1;3440;1440;60;IPS;300;1000;178;178;3800;2;2.0;1;1.4;False;False;True;3;False;False;True;False
LG;UltraGear 27G523B-B;12399;4.8;5;27.0;1920;1080;200;IPS;300;1000;178;178;;2;2.0;1;1.4;False;False;False;0;True;True;False;False
MSI;MAG 275F;14999;4.65;279;27.0;1920;1080;180;IPS;250;1000;178;178;;2;2.0b;1;1.4;False;False;False;0;False;False;True;False
ASUS;TUF Gaming VG328QA1A;20999;4.77;56;31.5;1920;1080;170;VA;300;3000;178;178;;2;2.0;1;1.2;False;False;False;0;True;False;True;False
Samsung;Odyssey OLED G9 G95SD S49DG952SI;103999;4.91;55;49.0;5120;1440;240;OLED;250;1000000;178;178;1800;1;2.1;1;1.4;False;False;False;2;True;True;False;True
ASUS;ROG Strix XG259CS;18699;4.84;162;24.5;1920;1080;180;IPS;400;1000;178;178;;1;2.0;1;1.4;False;False;True;0;True;False;False;False
Samsung;Odyssey OLED G9 G91SD S49DG910SI;93999;4.85;75;49.0;5120;1440;144;OLED;250;1000000;178;178;1800;1;2.1;1;1.4;False;False;False;2;True;True;False;False
MSI;Modern MD272UPHW;34999;4.78;45;27.0;3840;2160;60;IPS;400;1000;178;178;;2;2.0b;1;1.4a;False;False;True;3;False;False;True;False
DEXP;DU27N1;16199;4.74;62;27.0;3840;2160;60;IPS;300;1000;178;178;;2;2.0;1;1.4;False;False;False;0;True;True;False;False
AOC;25G42E;11999;4.83;101;24.5;1920;1080;180;IPS;300;1000;178;178;;1;2.0;1;1.4;False;False;False;0;False;False;True;False
Acer;EA220QHbi;11999;4.62;13;21.5;1920;1080;100;VA;250;3000;178;178;;1;1.4;0;;True;False;False;0;True;False;False;False
AOC;25B36X;9199;4.77;53;24.5;1920;1080;144;IPS;300;1500;178;178;;1;1.4;1;1.4;False;False;False;0;False;False;False;False
LG;UltraWide 34WR50QK-B;28999;4.71;98;34.0;3440;1440;100;VA;300;3000;178;178;1800;2;2.0;1;1.4;False;False;False;0;False;False;False;False
Hisense;27N3Q-PRO;10999;0.0;5;27.0;1920;1080;144;IPS;250;1000;178;178;;1;1.4;1;1.2;True;False;False;0;False;False;True;False
ASUS;TUF Gaming VG279Q3R;14999;4.85;20;27.0;1920;1080;180;IPS;250;1000;178;178;3;2;2.0;1;1.2;False;False;False;0;True;False;False;False
ASUS;ROG Swift OLED PG32UCDP;132999;4.6;15;31.5;3840;2160;240;OLED;1300;1500000;178;178;;2;2.1;1;1.4;False;False;True;3;True;True;False;False
Samsung;Smart M7 S43FM702UI;39999;4.66;40;43.0;3840;2160;60;VA;300;5000;178;178;;2;2.0;0;;False;False;True;3;False;False;False;True
LG;UltraGear 32GS85Q-B;39799;4.7;126;31.5;2560;1440;180;IPS;350;1000;178;178;;2;2.0;1;1.4;False;False;False;2;True;False;False;False
Acer;Nitro XF240YX1bmiiphx;12499;4.86;7;23.8;1920;1080;200;IPS;250;1000;178;178;;2;2.0;1;1.4;False;False;False;0;True;False;False;False
LG;UltraGear 27GP750-B;24699;4.81;446;27.0;1920;1080;240;IPS;400;1000;178;178;;2;2.0;1;1.2;False;False;False;0;True;True;False;False
Acer;Nitro EDA323QUS3bmiipx;21299;4.69;29;31.5;2560;1440;180;VA;250;3500;178;178;1500;2;2.0;1;1.4;False;False;False;0;True;False;False;False
MSI;MPG 321URXW QD-OLED;98799;4.95;21;31.5;3840;2160;240;OLED;1000;1500000;178;178;;2;2.1;1;1.4;False;False;True;2;False;False;False;False
Acer;Nitro ED273US3bmiipx;16999;4.04;28;27.0;2560;1440;180;VA;250;5000;178;178;1500;2;2.0;1;1.4;False;False;False;0;True;False;False;False
ASUS;TUF Gaming VG27AQA1A;16999;4.74;319;27.0;2560;1440;170;VA;300;3000;178;178;;2;2.0;1;1.2;False;False;False;0;True;False;True;False
Titan;Army P27H2G;11299;4.76;610;27.0;1920;1080;165;VA;300;4000;178;178;;1;1.4;1;1.2;False;False;False;0;False;False;True;False
AOC;C24G42E;9999;4.72;25;23.6;1920;1080;180;VA;250;3000;178;178;1500;2;2.0;1;1.4;False;False;False;0;False;False;True;False
ASUS;ROG Strix XG32WCMS;39999;4.83;82;31.5;2560;1440;280;VA;350;4000;178;178;1500;1;2.1;1;1.4;False;False;True;0;True;False;True;False
MSI;Modern MD272UPHG;30999;4.78;45;27.0;3840;2160;60;IPS;400;1000;178;178;;2;2.0b;1;1.4a;False;False;True;3;False;False;True;False
LG;UltraGear evo 32GX870B-B;119499;0.0;5;31.5;3840;2160;240;OLED;335;1850000;178;178;;2;2.1;1;2.1;False;False;True;3;True;True;True;False
AOC;CS24A;61999;4.81;32;24.1;1920;1080;610;TN;500;1000;176;170;;2;2.1;1;1.4;False;False;False;4;True;False;False;False
KEYRON;KQ27N1;14299;4.73;177;27.0;2560;1440;165;IPS;300;1000;178;178;;2;2.0;1;1.2;False;False;False;0;True;True;False;False
ASUS;ProArt PA329CV;65999;4.7;67;32.0;3840;2160;60;IPS;400;1000;178;178;;2;2.0;1;1.2;False;False;True;4;False;False;True;False
ASUS;VY249HF-W;9299;4.85;52;23.8;1920;1080;100;IPS;250;1300;178;178;;1;1.4;0;;False;False;False;0;False;False;True;False
Dell;U3225QE;97999;4.9;29;32.0;3840;2160;120;IPS;450;3000;178;178;;1;2.1;2;1.4;False;False;True;7;False;False;False;False
Samsung;Odyssey G7 G75F S37FG756EI;62999;4.67;41;37.0;3840;2160;165;VA;350;3000;178;178;1000;2;2.1;1;1.4;False;False;False;2;True;False;False;False
MSI;MPG 242R X60N;71499;4.8;43;24.1;1920;1080;600;TN;500;1000;178;178;242;2;2.1;1;1.4a;False;False;True;3;False;False;True;False
MSI;MAG 274UPDF E16M;47299;4.55;38;27.0;3840;2160;160;IPS;1000;1000;178;178;;2;2.1;1;1.4a;False;False;True;0;False;False;True;False
ASUS;TUF Gaming VG249Q3R;10999;4.82;133;23.8;1920;1080;180;IPS;250;1000;178;178;3;2;2.0;1;1.2;False;False;False;0;True;False;False;False
MSI;Modern MD342CQP;31999;4.73;26;34.0;3440;1440;120;VA;300;3500;178;178;1500;2;;1;;False;False;True;2;False;False;True;False
MSI;MPG 491CQPX QD-OLED;104999;4.93;58;49.0;5120;1440;240;OLED;1000;1500000;178;178;1800;2;2.1;1;1.4a;False;False;True;3;False;False;True;False
DEXP;DF27H1UC;14199;4.63;36;27.0;1920;1080;100;IPS;300;1300;178;178;;1;1.4;0;;True;False;True;2;False;False;True;False
LG;27G440A-B;17999;0.0;12;27.0;1920;1080;240;IPS;400;1000;178;178;;2;2.1;1;1.4;False;False;False;0;True;True;False;False
LG;UltraGear 27GX704A-B;51499;4.61;24;27.0;2560;1440;240;OLED;275;1500000;178;178;;2;2.1;1;1.4;False;False;False;2;True;True;True;False
ARDOR GAMING;SHAPER PRO AQ32H4;23299;4.79;769;31.5;2560;1440;165;VA;300;3500;178;178;1000;2;2.1;2;1.4;False;False;False;0;True;True;False;False
Titan;Army C24A1G;9199;4.84;39;23.6;1920;1080;180;VA;300;3000;89;89;1500;2;2.0;2;1.4;False;False;False;0;False;False;True;False
Machenike;MKF27F240L;13499;4.85;76;27.0;1920;1080;240;IPS;300;1000;178;178;;2;2.0;1;1.4;False;False;False;0;False;False;True;False
Samsung;Odyssey G7 G70D S32DG702EI;54299;4.48;48;32.0;3840;2160;144;IPS;350;1000;178;178;;2;2.1;1;1.4;False;False;False;2;True;True;False;True
MSI;PRO MP242PMG;13599;4.69;28;23.8;1920;1080;120;IPS;300;1500;178;178;;1;1.4b;1;1.2a;True;False;False;2;False;False;True;False
LG;27U421A-B;10199;4.65;17;27.0;1920;1080;100;VA;250;3000;178;178;1500;1;2.0;0;;False;False;True;0;False;False;False;False
Dell;P2425D;27399;4.73;11;23.8;2560;1440;100;IPS;350;1500;178;178;;1;2.1;1;1.4;False;False;False;4;False;False;False;False
MSI;MPG 272URX QD-OLED;107999;4.75;29;26.5;3840;2160;240;OLED;1000;1500000;178;178;;2;2.1;1;2.1a;False;False;True;2;False;True;False;False
ASUS;ROG Strix XG27AQDMG;49999;4.65;117;26.5;2560;1440;240;OLED;450;1500000;178;178;;2;2.0;1;1.4;False;False;False;2;True;True;True;False
ASUS;TUF Gaming VG27VQ3B;16599;4.67;22;27.0;1920;1080;180;VA;250;3000;178;178;1500;2;2.0;1;1.2;False;False;False;0;True;False;False;False
GigaByte;G27U EK;29999;4.67;6;27.0;3840;2160;160;IPS;350;1000;178;178;;2;2.1;1;1.4;False;False;False;1;True;True;False;False
Acer;EK321QKbmiipx;18999;4.38;8;31.5;3840;2160;60;VA;250;3000;178;178;;2;2.0;1;1.4;False;False;False;0;True;False;False;False
Asus;VA27UCPS Business;32999;0.0;7;27.0;3840;2160;60;IPS;350;1000;178;178;;1;2.0;1;1.4;False;False;True;4;False;False;True;False
DEXP;DQ32N1;13999;4.82;919;31.5;2560;1440;75;IPS;350;1000;178;178;;2;1.4;2;1.4;False;False;False;0;True;True;False;False
MSI;MAG 275UPD E14;33999;4.89;27;27.0;3840;2160;144;IPS;250;1500;178;178;;2;2.1;1;1.4a;False;False;False;0;False;False;True;False
Machenike;MCF25F200L-W;11999;4.86;81;24.5;1920;1080;200;IPS;300;1000;178;178;;2;2.0;1;1.4;False;False;False;0;False;False;True;False
GigaByte;MO34WQC36 EK;98799;0.0;7;34.0;3440;1440;360;OLED;1300;1500000;178;178;1800;2;2.1;1;2.1;False;False;False;3;True;True;False;False
Acer;Nitro ED270RS3biip;12499;4.81;39;27.0;1920;1080;180;VA;250;3000;178;178;1500;2;2.0;1;1.4;False;False;False;0;True;False;False;False
Philips;24M1N3200ZS;10999;4.64;110;23.8;1920;1080;165;IPS;250;1100;178;178;;2;;1;;False;False;False;0;True;False;False;False
Acer;PM161QB1bmiuux;13499;4.84;19;15.6;1920;1080;60;IPS;250;1000;178;178;;1;1.4;0;;False;False;True;0;True;False;False;False
MSI;PRO MP272PMG;16999;4.96;45;27.0;1920;1080;120;IPS;300;1500;178;178;;1;1.4b;1;1.2a;True;False;False;2;False;False;True;False
Asus;TUF Gaming VG279QE5A;15999;0.0;25;27.0;1920;1080;146;IPS;300;1500;178;178;;1;2.0;1;1.2;False;False;False;0;False;False;True;False
Philips;34M2C3500L;27499;4.66;16;34.0;3440;1440;180;VA;300;4000;178;178;1500;2;2.0;1;1.4;False;False;False;0;False;False;True;False
Samsung;ViewFinity S8 S80HF;58999;0.0;1;27.0;5120;2880;60;IPS;350;1000;178;178;;1;2.1;1;1.4;False;False;True;4;False;False;False;False
Acer;Nitro ED240QP0bi;9499;4.55;11;23.6;1920;1080;144;VA;250;3000;178;178;1500;1;1.4;0;;True;False;False;0;True;False;False;False
AOC;24B2XHM2;9599;4.75;173;23.8;1920;1080;75;VA;250;3000;178;178;;1;1.4;0;;True;False;False;0;False;False;False;False
ARDOR GAMING;VEGA AF25H1U;12699;4.88;116;24.5;1920;1080;180;IPS;300;1000;178;178;;2;2.1;1;1.4;False;False;False;2;False;False;True;False
DEXP;DF22H1;7599;4.7;2100;21.4;1920;1080;75;VA;250;3000;170;170;;1;1.4;0;;True;False;False;0;True;False;False;False
Philips;25M2N3200W;15999;4.79;196;24.5;1920;1080;240;VA;300;3000;178;178;;2;2.0;1;1.4;False;False;False;0;False;False;True;False
Acer;EK251QGbi;13499;4.76;118;24.5;1920;1080;120;IPS;250;1500;178;178;;1;1.4;0;;True;False;False;0;False;False;True;False
ARDOR GAMING;VEGA PRO AQ25H1U;15999;4.58;109;24.5;2560;1440;170;IPS;250;1000;178;178;;1;;1;;False;False;False;2;False;False;False;False
Philips;27M2N3200S;13999;4.73;15;27.0;1920;1080;180;IPS;300;1000;178;178;;2;2.0;1;1.4;False;False;False;0;True;False;False;False
Titan;Army N27SQ PLUS;16899;4.61;442;27.0;2560;1440;144;VA;300;4000;178;178;1500;2;1.4;2;1.2;False;False;False;0;False;False;True;False
Machenike;MKU27F160L-D;28999;4.93;14;27.0;3840;2160;160;IPS;300;1000;178;178;;2;2.0;1;1.4;False;False;False;0;False;False;True;False
Acer;Nitro VG272UW2bmiipx;28999;4.5;12;27.0;2560;1440;240;IPS;400;1000;178;178;;2;2.0;1;1.4;False;False;False;0;True;False;False;False
MSI;PRO MAX 241PHW E14;16199;4.75;4;23.8;1920;1080;144;IPS;300;1500;178;178;;1;2.0b;1;1.2a;False;False;True;2;True;False;False;False
ARDOR GAMING;GATE AF24H3;12399;4.64;134;23.6;1920;1080;180;VA;250;3000;178;178;1500;2;2.0;1;1.4;False;False;False;0;True;True;False;False
ASUS;VZ24EHF-W;9999;4.84;13;23.8;1920;1080;100;IPS;250;1300;178;178;;1;1.4;0;;False;False;False;0;False;False;True;False
MSI;MAG 274QPF X30MV;41499;4.68;55;27.0;2560;1440;300;VA;1000;4500;178;178;;2;2.1;1;1.4a;False;False;False;0;False;False;True;False
Samsung;ViewFinity S6 S60UD S32D604UAI;29999;4.67;82;31.5;2560;1440;100;IPS;350;1000;178;178;;1;2.0;1;1.4;False;False;True;3;False;False;False;False
MSI;MPG 491CQP QD-OLED;89999;4.88;45;49.0;5120;1440;144;OLED;1000;1500000;178;178;1800;2;2.1;1;1.4a;False;False;True;2;False;False;True;False
GIGABYTE;M27UP ICE;37999;4.92;61;27.0;3840;2160;160;IPS;350;1000;178;178;;2;2.1;1;1.4;False;False;True;3;True;True;False;False
Machenike;MCF25F400L;25999;4.56;9;24.5;1920;1080;400;IPS;400;1000;178;178;;2;2.0;2;1.4;False;False;False;0;False;False;True;False
Titan;Army P23H2M;11299;4.43;273;23.3;2560;1080;200;VA;300;4000;178;178;;2;2.0;1;1.4;False;False;False;0;False;False;True;False
Raskat;I27Q7D;8899;4.48;39;27.0;2560;1440;75;IPS;250;1000;178;178;;2;;1;;False;False;False;0;False;False;False;False
AOC;24G42E;10799;4.79;15;23.8;1920;1080;180;IPS;300;1000;178;178;;2;2.0;1;1.4;False;False;False;0;False;False;True;False
AOC;C24G2AE/BK;15999;4.69;519;23.6;1920;1080;165;VA;250;3000;178;178;1500;2;1.4;1;1.2;True;False;False;0;True;False;False;False
TCL;32X3A;84999;4.73;11;32.0;3840;2160;240;OLED;1300;1500000;178;178;;2;2.1;1;2.1;False;False;True;4;True;False;True;False
Acer;KA242YP6bi;9499;4.48;23;23.8;1920;1080;144;IPS;250;1500;178;178;;1;1.4;0;;True;False;False;0;True;False;False;False
Horizont;H27Z320;18299;0.0;4;27.0;2560;1440;320;IPS;300;1000;178;178;;0;;2;;False;True;False;0;False;True;False;False
MSI;MAG 321UPD E14;39999;0.0;3;31.5;3840;2160;288;IPS;300;1500;178;178;;2;2.1;1;1.4a;False;False;False;0;False;False;True;False
ASUS;Busines VA27UQSB;27999;4.71;14;27.0;3840;2160;60;IPS;350;1000;178;178;;2;2.0;1;1.4;False;False;False;4;False;False;True;False
Acer;Nitro ED320QW0bmiipx;25999;4.53;38;31.5;1920;1080;240;VA;250;3000;178;178;1500;2;2.1;1;1.4;False;False;False;0;True;False;False;False
Samsung;ViewFinity S7 S70D S37D702EAI;42999;4.83;6;37.0;3840;2160;60;VA;350;3000;178;178;;2;2.1;1;1.4;False;False;False;0;False;False;False;False
ASUS;VY249HGE;9099;4.79;372;23.8;1920;1080;144;IPS;250;1000;178;178;;1;1.4;0;;False;False;False;0;True;False;False;False
Titan;Army C32A1R;19999;4.69;19;31.5;2560;1440;180;VA;300;3000;89;89;1500;2;2.0;2;1.4;False;False;False;0;False;False;True;False
AOC;27B3CF2;12999;4.64;12;27.0;1920;1080;100;IPS;250;1300;178;178;;1;1.4;0;;False;False;True;2;False;False;True;False
Samsung;Odyssey Neo G9 G95NC S57CG952NI;189999;4.45;54;57.0;7680;2160;240;VA;420;2500;178;178;1000;3;2.1;1;2.1;False;False;False;2;True;False;False;False
GIGABYTE;MO27U2;84999;4.67;13;27.0;3840;2160;240;OLED;250;1500000;178;178;;2;2.1;1;1.4;False;False;True;2;True;True;True;False
MSI;MAG 242C;11499;4.68;13;23.6;1920;1080;180;VA;300;3000;178;178;1500;1;2.0b;1;1.2a;False;False;False;0;False;False;True;False
Acer;Nitro KG241YX3bip;9999;4.8;50;23.8;1920;1080;200;VA;300;3000;178;178;;1;2.0;1;1.2;False;False;False;0;True;False;False;False
Samsung;Odyssey Neo G7 G75NB S32BG752NI;66999;4.65;122;32.0;3840;2160;165;VA;350;1000000;178;178;1000;2;2.1;1;1.4;False;False;False;2;True;False;False;False
Acer;Nitro KG251QF3bmiipx;16499;4.48;16;24.5;1920;1080;320;IPS;250;1000;178;178;;2;2.0;1;1.4;False;False;False;0;True;False;False;False
AOC;CU34G4Z;41999;4.76;26;34.0;3440;1440;240;VA;450;2500;178;178;1500;2;2.1;1;1.4;False;False;False;2;False;False;True;False
ASUS;VA32UQSB;38999;4.36;13;31.5;3840;2160;60;IPS;350;1000;178;178;;2;2.0;1;1.2;False;False;False;2;False;False;True;False
AOC;Q25G4S;27999;4.63;47;24.5;2560;1440;300;IPS;250;1300;178;178;;2;2.1;1;1.4;False;False;False;0;True;False;False;False
Hisense;27G3Q;12999;4.71;14;27.0;1920;1080;240;IPS;320;1000;178;178;;2;2.0;1;1.2;False;False;False;0;True;False;False;False
LG;34U620B-B;24599;0.0;7;34.0;3440;1440;;VA;300;4000;178;178;1800;2;1.4;1;1.4;False;False;False;0;True;False;False;False
ASUS;VP327Q;27999;4.92;13;31.5;3840;2160;60;VA;350;3000;178;178;;2;2.0;1;1.2;False;False;False;0;False;False;True;False
ASUS;TUF Gaming VG32VQM5B;24999;4.93;14;31.5;1920;1080;250;VA;300;3500;178;178;1500;2;2.0;1;1.2;False;False;False;0;True;False;False;False
DEXP;DQ27N2;10999;4.7;313;27.0;2560;1440;75;VA;300;4000;178;178;;2;2.1;1;1.4;False;False;False;0;False;True;False;False
Dell;Alienware AW2725DF;86799;4.85;7;26.5;2560;1440;360;OLED;1000;1500000;178;178;;1;2.1;2;1.4;False;False;False;4;True;False;False;False
Titan;Army N32SQ PLUS;19999;4.6;185;31.5;2560;1440;144;VA;300;3000;178;178;1500;2;1.4;2;1.2;False;False;False;0;False;False;True;False
Philips;32E1N1800LA;24999;4.42;18;31.5;3840;2160;60;VA;300;3500;178;178;;2;2.0;1;1.4;False;False;False;0;False;False;False;False
AOC;CS24A/P;63999;4.71;14;24.1;1920;1080;600;TN;500;1000;176;170;;2;2.1;1;1.4;False;False;False;4;True;False;False;False
MSI;PRO MP245PHG E14;13999;4.8;0;23.8;1920;1080;144;IPS;300;1500;178;178;;1;2.0;1;1.2a;False;False;True;3;True;False;True;False
MSI;PRO MAX 271QPHW E14;24999;4.8;0;27.0;2560;1440;144;IPS;300;1500;178;178;;2;2.0b;1;1.2a;False;False;True;4;False;False;True;False
Xiaomi;Mini LED Gaming Monitor G Pro 27i;29199;4.56;198;27.0;2560;1440;180;IPS;1000;1000;178;178;;2;2.0;2;1.4;False;False;False;0;True;False;False;False
Lenovo;Legion R27i-30;14799;4.64;11;27.0;1920;1080;165;IPS;400;1000;178;178;;2;2.1;1;1.4;False;False;False;0;True;False;True;False
Dell;S2725H;19399;0.0;6;27.0;1920;1080;100;IPS;250;1500;178;178;;2;1.4;0;;False;False;False;0;False;False;False;False
AOC;25B36H3;8999;4.76;17;24.5;1920;1080;120;IPS;300;1300;178;178;;1;2.0;0;;True;False;False;0;False;False;True;False
Titan;Army P24H2G;9599;4.67;442;23.8;1920;1080;165;VA;300;4000;178;178;;1;1.4;1;1.2;False;False;False;0;False;False;True;False
ASUS;ROG Strix XG49VQ;79999;4.78;49;49.0;3840;1080;144;VA;450;3000;178;178;1800;2;2.0;1;1.2;False;False;False;2;True;False;False;False
Machenike;MKQ34C170L;35999;4.55;81;34.0;3440;1440;170;IPS;300;1000;178;178;;2;2.0;1;1.4;False;False;True;3;False;False;True;False
Titan;Army P40UG;34999;4.53;262;40.0;3440;1440;144;IPS;350;1200;178;178;;2;2.0;1;1.4;False;False;True;0;False;False;True;False
DEXP;DF27N3;8799;4.77;147;27.0;1920;1080;75;VA;300;4000;178;178;1500;1;1.4;0;;True;False;False;0;False;False;False;False
ASUS;TUF Gaming VG249Q1A;16599;4.54;675;23.8;1920;1080;165;IPS;250;1000;178;178;;2;1.4;1;1.2;False;False;False;0;True;False;True;False
ASUS;ROG Strix XG27WCS;32999;4.66;32;27.0;2560;1440;180;VA;400;3000;178;178;1500;1;1.4;0;;False;False;True;0;True;False;False;False
ASUS;ROG Strix XG27WCMS;34999;4.62;32;27.0;2560;1440;280;VA;400;3000;178;178;1500;1;2.1;1;1.4;False;False;True;0;True;False;False;False
Philips;Evnia 32M2C5501;29499;0.0;3;31.5;2560;1440;180;VA;300;3500;178;178;1500;2;2.0;1;1.4;False;False;False;0;True;True;False;False
ASUS;XG27ACDNG;71999;4.88;59;26.5;2560;1440;360;OLED;450;1500000;178;178;;2;2.1;1;1.4;False;False;True;3;True;True;False;False
AOpen;22SA2QEBI;8499;4.81;19;21.5;1920;1080;100;IPS;250;1000;178;178;;1;1.4;0;;True;False;False;0;True;False;False;False
LG;UltraGear 27G550B-B;21799;0.0;1;27.0;1920;1080;300;IPS;300;1000;178;178;;2;2.0;1;1.4;False;False;False;0;True;True;False;False
GIGABYTE;GS27FC;15299;4.91;11;27.0;1920;1080;180;VA;250;3000;178;178;1500;2;2.0;1;1.4;False;False;False;0;True;False;False;False
Philips;Evnia 32M2N8800/60;89999;4.91;12;31.5;3840;2160;240;OLED;1000;1500000;178;178;;2;2.1;1;1.4;False;False;False;2;False;True;True;False
LG;32UN880K-B;63999;0.0;9;31.5;3840;2160;60;IPS;350;1000;178;178;;2;2.1;1;1.4;False;False;True;2;True;False;False;False
Apple;Studio Display;214999;0.0;3;27.0;5120;2880;60;IPS;600;;178;178;;0;;0;;False;False;False;2;False;False;False;False
Acer;Nitro ED240QSbmiipx;9799;4.74;282;23.6;1920;1080;165;VA;250;3000;178;178;1500;2;2.0;1;1.4;False;False;False;0;True;False;False;False
MSI;MAG 322UP QD-OLED E16;85999;4.95;11;31.5;3840;2160;165;OLED;1000;1500000;178;178;;2;2.1;1;1.4a;False;False;True;0;False;False;True;False
Acer;Nitro QG240YS3bipx;8399;4.61;188;23.8;1920;1080;180;VA;300;4000;178;178;;1;2.0;1;1.4;False;False;False;0;True;False;False;False
AOC;CU34G4H;25499;0.0;2;34.0;3440;1440;200;VA;300;4000;178;178;1500;2;2.0;1;1.4;False;False;False;0;True;False;False;False
ASUS;VZ27EHF-W;12999;4.73;22;27.0;1920;1080;100;IPS;250;1300;178;178;;1;1.4;0;;False;False;False;0;False;False;True;False
LG;UltraGear 32GS95UV-B;139999;4.66;65;31.5;3840;2160;240;OLED;1300;1500000;178;178;;2;2.1;1;1.4;False;False;False;2;True;True;False;False
ASUS;TUF Gaming VG27UQ1A;36999;4.5;10;27.0;3840;2160;160;IPS;300;1000;178;178;;2;2.1;1;1.4;False;False;False;0;True;True;False;False
LG;UltraGear evo 52G930B-B;134999;0.0;6;52.0;5120;2160;240;VA;400;4000;178;178;1000;2;2.1;1;2.1;False;False;False;2;True;False;False;False
Dell;Alienware AW2525HM;38499;4.62;11;24.5;1920;1080;320;IPS;400;1000;178;178;;2;2.1;1;1.4;False;False;False;2;True;True;False;False
Acer;Nitro XF273UW2bmiiprx;32999;4.61;16;27.0;2560;1440;240;IPS;400;1000;178;178;;2;2.0;1;1.4;False;False;False;0;True;False;False;False
ASUS;VZ27EHF;12999;4.73;22;27.0;1920;1080;100;IPS;250;1300;178;178;;1;1.4;0;;False;False;False;0;False;False;True;False
Acer;KA242YE0bi;8499;4.93;40;23.8;1920;1080;100;IPS;250;1000;178;178;;1;1.4;0;;True;False;False;0;True;False;False;False
AOC;U27B3AF;19999;0.0;8;27.0;3840;2160;60;IPS;350;1000;178;178;;2;2.0;1;1.4;False;False;False;0;False;False;True;False
Dell;Alienware AW3225QF;131999;4.94;32;31.6;3840;2160;240;OLED;1000;1000000;178;178;1700;2;2.1;1;1.4;False;False;False;4;False;True;True;False
Dell;SE2425H;11299;4.8;5;23.8;1920;1080;75;VA;250;3000;178;178;;1;1.4;0;;True;False;False;0;False;False;False;False
ARDOR GAMING;NOVA ULTRA AU27H1UE;30499;4.43;114;27.0;3840;2160;160;IPS;300;1000;178;178;;2;2.1;1;1.4;False;False;True;2;True;True;False;False
MSI;MAG 341CQP X28;94999;0.0;4;34.1;3440;1440;280;OLED;300;1500000;178;178;1800;2;2.1;1;1.4a;False;False;True;3;True;True;False;False
MSI;MAG 272UP QD-OLED X24;79999;4.47;16;26.5;3840;2160;240;OLED;1000;1500000;178;178;;2;2.1;1;1.4a;False;False;True;0;False;False;True;False
Acer;Nitro XV320QKP0bmiiprx;41999;4.44;9;31.5;3840;2160;160;VA;250;4000;178;178;;2;2.1;1;1.4;False;False;False;0;True;False;False;False
TCL;25P1AD;11999;0.0;2;24.5;1920;1080;;IPS;400;;178;178;;2;2.0;1;1.4;False;False;False;0;True;True;False;False
Machenike;MKF27F240;12999;0.0;4;27.0;1920;1080;240;IPS;300;1000;178;178;;2;2.0;1;1.4;False;False;False;0;False;False;True;False
ASUS;TUF Gaming VG27AQML5F;32999;0.0;2;27.0;2560;1440;320;IPS;350;1300;178;178;;2;2.1;1;1.4;False;False;False;0;True;True;False;False
ASUS;VU249CFE-B;16999;4.73;45;23.8;1920;1080;100;IPS;250;1300;178;178;;1;1.4;0;;False;False;True;0;False;False;True;False
Dell;SE2225H;9699;4.83;12;21.45;1920;1080;75;VA;250;3000;178;178;;1;1.4;0;;True;False;False;0;False;False;False;False
ASUS;ROG Strix XG27UCG;45999;4.56;29;27.0;3840;2160;160;IPS;400;1000;178;178;;1;2.1;1;1.4;False;False;True;0;True;True;False;False
MSI;MAG 27C6X;18799;4.79;153;27.0;1920;1080;250;VA;250;3000;178;178;1500;2;2.0b;1;1.2a;False;False;False;0;False;False;True;False
MSI;MAG 321CUP QD-OLED;141499;4.71;30;31.5;3840;2160;165;OLED;1000;1500000;178;178;1700;1;2.1;1;1.4a;False;False;True;0;False;False;True;False
Samsung;Smart M8 M80F S32FM803UI UHD;44999;4.8;5;31.5;3840;2160;60;VA;300;3000;178;178;;1;2.0;0;;False;False;True;2;False;False;False;True
Hisense;27G7Q PRO;44999;4.57;7;27.0;3840;2160;160;IPS;350;1000;89;89;;2;2.0;1;1.4;False;False;True;2;True;False;False;False
GIGABYTE;G34WQC2 EK;30999;4.85;34;34.0;3440;1440;200;VA;450;4000;178;178;1500;2;2.0;2;1.4;False;False;False;0;True;False;False;False
Titan;Army P2710G;11199;4.8;25;27.0;1920;1080;180;VA;300;4000;178;178;;1;2.0;1;1.4;False;False;False;0;False;False;True;False
LG;UltraGear evo 27GM950B-B;104499;0.0;1;27.0;5120;2880;165;IPS;750;1000;178;178;;2;2.1;1;2.1;False;False;True;3;True;True;True;False
Samsung;Odyssey G9 G91F S49FG916EI;84999;4.33;6;49.0;5120;1440;144;VA;350;2500;178;178;1000;2;2.1;1;1.4;False;False;False;2;True;False;False;False
MSI;MAG 325CQRXF E2;29999;3.95;39;31.5;2560;1440;240;VA;300;3500;178;178;1000;2;2.0b;1;1.4a;False;False;True;0;False;False;True;False
MSI;G2422C;11799;4.63;158;23.6;1920;1080;180;VA;250;3000;178;178;1500;2;2.0b;1;1.2a;False;False;False;0;False;False;True;False
AOC;U27B35;16499;4.72;13;27.0;3840;2160;60;IPS;300;1000;178;178;;2;2.0;1;1.4;False;False;False;0;False;False;False;False
LG;24U421A-B;10499;4.85;13;23.8;1920;1080;100;VA;250;3000;178;178;1500;1;2.0;0;;False;False;True;0;False;False;False;False
LG;27MS500-B;11999;4.77;68;27.0;1920;1080;100;IPS;250;1000;178;178;;2;1.4;0;;False;False;False;0;False;False;False;False
LG;UltraGear 27G640A-B;30999;0.0;1;27.0;2560;1440;300;IPS;400;1300;178;178;;2;2.1;1;1.4;False;False;True;4;True;True;False;False
Acer;Predator X34Vbmiiphuzx;69299;0.0;7;34.0;3440;1440;175;OLED;1000;1500000;178;178;1800;1;2.0;2;1.4;False;False;True;2;True;False;False;False
Machenike;MKF23F180;8999;4.44;127;23.8;1920;1080;180;IPS;250;1000;178;178;;2;1.4;1;1.2;False;False;False;0;False;False;True;False
MSI;PRO MP341CQ E12;23999;0.0;1;34.0;3440;1440;120;VA;300;3500;178;178;1500;2;2.0b;1;1.4a;False;False;False;0;False;False;True;False
Dell;SE2725H;14499;0.0;4;27.0;1920;1080;75;VA;300;3000;178;178;;1;1.4;0;;True;False;False;0;False;False;False;False
LG;UltraFine 32U990A-S;149499;4.33;3;31.5;6144;3456;60;IPS;450;2000;178;178;;1;2.1;1;2.1;False;False;False;2;False;False;False;False
LG;27G850A-B;72299;4.66;47;27.0;3840;2160;240;IPS;450;2000;178;178;;2;2.1;1;2.1;False;False;False;2;True;True;False;False
ASUS;ROG Strix OLED XG32UQDMS;104999;0.0;1;31.5;3840;2160;240;OLED;1000;1500000;178;178;;1;2.0;1;1.4;False;False;False;2;True;True;True;False
LG;UltraGear 24G414B-B;9799;4.8;0;23.8;1920;1080;144;IPS;250;1500;178;178;;1;2.0;1;1.4;False;False;False;0;True;True;False;False
Machenike;MK-ZF24F200;8499;0.0;3;23.8;1920;1080;200;IPS;250;1000;178;178;;2;2.0;1;1.4;False;False;False;0;False;False;True;False
Acer;Nitro XV320QUPbmiiprx;27999;4.73;26;31.5;2560;1440;180;IPS;250;1000;178;178;;2;;2;1.2;False;False;False;0;True;False;False;False
ASUS;ProArt PA24ACRV;37999;4.94;17;23.8;2560;1440;75;IPS;400;1000;178;178;;1;2.0;2;1.4;False;False;True;4;False;False;True;False
Samsung;Smart LS32FM703UIXCI;28299;0.0;2;32.0;3840;2160;60;VA;300;3000;178;178;;2;2.0;0;;False;False;False;3;False;False;False;True
Machenike;MCF27F300L;17999;0.0;12;27.0;1920;1080;300;IPS;300;1000;178;178;;2;2.0;2;1.4;False;False;False;0;False;False;True;False
ASUS;VU249CFE-M;16999;4.73;45;23.8;1920;1080;100;IPS;250;1300;178;178;;1;1.4;0;;False;False;True;0;False;False;True;False
Acer;Nitro XV322QKV3bmiiphx;42799;4.6;10;31.5;3840;2160;160;IPS;400;1000;178;178;;2;2.1;1;1.4;False;False;False;0;True;False;False;False
Dell;Alienware AW2724HF;39999;4.42;10;27.0;1920;1080;360;IPS;400;1000;178;178;;1;2.1;2;1.4;False;False;False;4;True;False;False;False
AOC;U27B3CF;21599;4.38;8;27.0;3840;2160;60;IPS;350;1000;178;178;;2;2.0;0;;False;False;True;2;False;False;True;False
AOC;AGON PRO AG276QZD2;58999;0.0;10;26.7;2560;1440;240;OLED;1000;1500000;178;178;;2;2.1;2;1.4;False;False;False;2;False;False;True;False
MSI;Modern MD272UPSW;26999;4.44;9;27.0;3840;2160;60;IPS;300;1000;178;178;;1;2.0b;1;1.4a;False;False;True;2;False;False;True;True
LG;UltraFine 32U720A-B;33299;0.0;7;31.5;3840;2160;60;VA;250;3000;178;178;;2;2.0;1;1.4;False;False;True;2;False;False;False;False
ASUS;TUF Gaming VG246H1A;12499;4.81;59;23.8;1920;1080;100;IPS;300;1300;178;178;;2;1.4;0;;False;False;False;0;True;False;False;False
MSI;MPG 272QRF X36;59999;4.67;6;27.0;2560;1440;;IPS;400;1000;178;178;;2;2.1;1;1.4a;False;False;False;5;False;True;False;False
LG;UltraGear 34GX90SA-W;118499;4.55;17;34.0;3440;1440;240;OLED;1300;1500000;178;178;800;2;2.1;1;1.4;False;False;True;2;True;True;False;True
Dell;P3424WE;66799;4.33;2;34.0;3440;1440;60;IPS;300;1000;178;178;3800;1;2.0;1;1.2;False;False;True;4;False;False;False;False
LG;UltraGear 27GR93U-B;49999;4.17;45;27.0;3840;2160;144;IPS;400;1000;178;178;;2;2.1;1;1.4;False;False;False;2;True;True;False;False
Philips;Evnia 32M1C5200W;22499;0.0;8;31.5;1920;1080;240;VA;300;3500;178;178;1500;2;2.0;1;1.4;False;False;False;0;False;False;False;False
Acer;Vero CB343CURbemiiphuzx;40299;0.0;4;34.0;3440;1440;60;IPS;300;1000;178;178;3800;2;2.0;1;1.2;False;False;False;4;True;False;False;False
Samsung;Odyssey G8 G80HS S32HG802ES;125499;0.0;1;31.5;6144;3456;165;IPS;400;1000;178;178;;2;2.1;1;2.1;False;False;False;2;True;True;False;False
Dell;Alienware AW2723DF;72299;0.0;14;27.0;2560;1440;280;IPS;600;1000;178;178;;2;2.0;1;1.4;False;False;False;4;True;True;False;False
ASUS;VU249CFE-P;16999;4.73;45;23.8;1920;1080;100;IPS;250;1300;178;178;;1;1.4;0;;False;False;True;0;False;False;False;False
MSI;PRO MP273L E14;10999;0.0;1;27.0;1920;1080;144;IPS;250;1500;178;178;;1;2.0;0;;True;False;False;0;False;False;True;False
ASUS;VA34VCPSR;43999;4.75;4;34.0;3440;1440;100;VA;300;3000;178;178;1500;1;2.0;1;1.4;False;False;True;3;False;False;True;False
Samsung;Odyssey G4;19999;0.0;1;25.0;1920;1080;;IPS;240;1000;178;178;;1;2.0;1;1.2;False;False;False;0;True;True;False;False
MSI;MAG 27C6F;18499;4.68;69;27.0;1920;1080;180;VA;250;3000;178;178;1500;2;2.0b;1;1.4;False;False;False;0;False;False;True;False
ARDOR GAMING;DARKSTAR AF24N1;11999;4.74;353;23.8;1920;1080;240;IPS;300;1000;178;178;;2;2.1;1;1.4;False;False;False;0;True;True;False;False
Samsung;ViewFinity S8 S80PB S32B800PXI;55799;4.45;22;32.0;3840;2160;60;IPS;350;1000;178;178;;1;2.0;1;1.4;False;False;True;3;False;False;False;False
Acer;Predator XB273KV3bmiiprx;33499;4.64;11;27.0;3840;2160;160;IPS;400;1000;178;178;;2;2.1;1;1.4;False;False;False;0;True;False;False;False
LG;27U411B-B;9599;0.0;1;27.0;1920;1080;144;IPS;250;1500;178;178;;1;2.0;0;;True;False;False;0;True;False;False;False
Titan;Army P2710R;18199;4.8;20;27.0;2560;1440;180;IPS;320;1000;178;178;2710;2;2.0;2;1.4;False;False;False;0;False;False;True;False
ASUS;VY249HE;8199;4.68;155;23.8;1920;1080;75;IPS;250;1000;178;178;;1;1.4;0;;True;False;False;0;False;False;False;False
DEXP;DF27N1;10799;4.77;736;27.0;1920;1080;75;IPS;300;1000;178;178;;1;2.1;0;;True;False;False;0;False;False;False;False
Acer;Predator X32X5bmiiphuzx;99999;0.0;3;31.5;3840;2160;240;OLED;250;1500000;178;178;;2;2.1;1;1.4;False;False;True;2;True;True;True;False
Philips;32M2C3200WL;19999;0.0;1;31.5;1920;1080;260;VA;300;3500;178;178;1500;2;2.0;1;1.4;False;False;False;0;False;False;True;False
Samsung;Odyssey OLED G8 G80SH;95799;4.7;0;32.0;3840;2160;240;OLED;300;1000;178;178;;2;2.1;1;2.1;False;False;True;2;True;True;False;False
ASUS;VY27UQ;26999;4.82;22;27.0;3840;2160;60;IPS;350;1000;178;178;;2;2.0;1;1.4;False;False;False;0;False;False;True;False
Titan;Army P24H3G;11299;4.78;467;23.6;1920;1080;180;VA;250;3000;178;178;1500;2;2.1;1;1.4;False;False;False;0;False;False;True;False
Machenike;MK-DQ34C240L;34999;0.0;1;34.0;3440;1440;250;VA;400;4000;178;178;;2;2.1;1;1.4;False;False;False;0;False;False;True;False
MSI;PRO MP225 E12L;9299;0.0;1;21.45;1920;1080;120;IPS;300;1300;178;178;;1;1.4b;0;;True;False;False;0;False;False;True;False
Samsung;Odyssey G4 S27HG400EI;22999;4.7;0;27.0;1920;1080;240;IPS;400;1000;178;178;;2;2.0;1;1.2;False;False;False;0;True;False;False;False
Acer;EK241YEbi;7399;4.86;39;23.8;1920;1080;100;IPS;250;1000;178;178;;1;1.4;0;;True;False;False;0;False;False;False;False
LG;MyView 32SR50F-W;24999;4.46;24;31.5;1920;1080;60;IPS;250;1200;178;178;;2;2.1;0;;False;False;False;2;False;False;False;True
MSI;PRO MP243W E14;9499;0.0;1;23.8;1920;1080;144;IPS;300;1500;178;178;;1;1.4b;1;1.2a;False;False;False;0;False;False;True;False
ASUS;ROG Swift PG27AQN;59999;4.47;19;27.0;2560;1440;360;IPS;600;1000;178;178;;3;2.0;1;1.4;False;False;False;2;False;True;False;False
Acer;ProCreator PE320QXTbmiiphcuzx;86999;0.0;1;31.5;6016;3384;;IPS;600;2000;178;178;;1;2.1;1;2.1;False;False;False;3;False;False;False;False
AOC;Q27G4S;29999;0.0;1;27.0;2560;1440;;IPS;450;1000;178;178;;2;2.1;1;1.4;False;False;False;5;False;True;True;False
DEXP;GS DF24N1;10699;3.98;56;23.8;1920;1080;180;IPS;250;1000;178;178;;2;2.0;1;1.4;False;False;False;0;True;False;False;False
Dell;UltraSharp U2724D;44299;4.92;12;27.0;2560;1440;120;IPS;350;2000;178;178;;1;2.1;1;1.4;False;False;True;5;False;False;False;False
AOC;27B3CA2;11499;0.0;8;27.0;1920;1080;100;IPS;250;1300;178;178;;1;1.4;0;;False;False;True;2;False;False;True;False
ARDOR GAMING;SIRIUS AQ27H1O;45999;4.3;12;27.0;2560;1440;280;OLED;600;150000;178;178;;2;2.1;1;1.4;False;False;True;2;True;True;False;False
Acer;Predator X32X2bmiiphx;93999;0.0;3;31.5;3840;2160;240;OLED;1000;1500000;178;178;;2;2.1;1;1.4;False;False;False;0;True;True;False;False
Titan;Army C49SH;59499;4.56;108;49.0;3840;1080;144;VA;400;3000;178;178;1800;1;2.1;1;1.4;False;False;False;0;False;False;True;False
Acer;ProDesigner PE320QKPsmiiphuzx;79999;0.0;1;31.5;3840;2160;165;OLED;1000;1500000;178;178;;2;2.1;1;1.4;False;False;True;2;True;False;False;False
MSI;PRO MAX 271UPXW12G;79999;0.0;1;26.5;3840;2160;;OLED;250;;178;178;;2;2.1;1;1.4a;False;False;False;1;True;True;False;False
ASUS;VU34WCIP-W Eye Care;44999;0.0;1;34.0;3440;1440;100;VA;300;3000;178;178;1500;1;2.0;1;1.4;False;False;True;4;False;False;True;False
Titan;Army P2410G;9999;4.72;89;23.8;1920;1080;180;IPS;320;1000;178;178;;1;2.0;1;1.4;False;False;False;0;False;False;True;False
ASUS;VU249HFI-W Eye Care;14999;4.25;4;23.8;1920;1080;100;IPS;250;1300;178;178;;2;1.4;0;;False;False;False;0;False;False;True;False
Acer;Nitro XZ452CUVbemiiphuzx;77299;4.52;11;44.5;5120;1440;165;VA;450;3000;178;178;1500;2;2.1;1;1.4;False;False;True;3;True;False;False;False
Acer;KA242YG0bi;11999;4.93;40;23.8;1920;1080;120;IPS;250;1500;178;178;;1;1.4;0;;True;False;False;0;False;False;False;False
Samsung;ViewFinity S9 S95UC S49C950UAI;87999;4.75;4;49.0;5120;1440;120;VA;350;3000;178;178;1000;2;2.0;1;1.4;False;False;True;3;False;False;False;False
Titan;Army P27A2V;33999;4.78;89;27.0;3840;2160;160;IPS;300;1000;178;178;;2;2.1;1;1.4;False;False;True;2;False;False;True;False
LG;34U640B-B;28199;4.8;0;34.0;3440;1440;144;VA;300;4000;178;178;1800;2;2.0;1;1.4;False;False;True;3;True;False;False;False
AOpen;22CV1QH3bi;7799;4.94;16;21.5;1920;1080;100;VA;250;3000;178;178;;1;1.4;0;;True;False;False;0;True;False;False;False
Dell;P2424HEB;36299;3.33;3;23.8;1920;1080;60;IPS;250;1000;178;178;;1;1.4;1;1.2;False;False;True;4;False;False;False;False
Acer;Predator X27U W1bmiipprx;43999;4.8;0;26.5;2560;1440;240;OLED;1000;;178;178;;2;2.1;1;;False;False;False;0;False;False;False;False
Dell;U4924DW;178999;0.0;2;49.0;5120;1440;60;IPS;350;2000;178;178;3800;2;2.1;1;1.4;False;False;True;8;False;False;False;False
LG;UltraGear 27G414B-B;11299;4.8;0;27.0;1920;1080;144;IPS;250;1500;178;178;;1;2.0;1;1.4;False;False;False;0;True;True;False;False
Xiaomi;G25i 2026;12999;0.0;2;24.5;1920;1080;;IPS;400;1000;178;178;;1;2.0;1;1.4;False;False;False;0;True;False;False;False
Acer;Predator X49Vbmiiphuzx;84999;0.0;4;49.0;5120;1440;144;OLED;1000;1500000;178;178;1800;2;2.1;1;1.4;False;False;True;2;True;False;False;False
Acer;PD163Qbmiuux;34299;4.33;6;15.6;1920;1080;60;IPS;250;800;170;170;;1;;0;;False;False;True;0;True;False;False;False
ARDOR GAMING;SIDEWINDER AQ27H1U;20499;4.64;43;27.0;2560;1440;180;IPS;300;1000;178;178;;1;;1;;False;False;False;2;True;False;True;False
Samsung;ViewFinity S7 S70H;28599;4.7;0;32.0;3840;2160;60;VA;300;3000;178;178;;1;2.0;1;1.2;False;False;False;1;False;False;False;False
ASUS;VY249HF;11199;4.85;52;23.8;1920;1080;100;IPS;250;1300;178;178;;1;1.4;0;;False;False;False;0;False;False;True;False
LG;27GX790A-B;89999;4.61;28;26.5;2560;1440;480;OLED;275;1500000;178;178;;2;2.1;1;2.1;False;False;False;2;True;True;False;False
Asus;TUF Gaming VG27VQM1B;21999;4.56;5;27.0;1920;1080;280;VA;250;4000;178;178;1500;2;2.0;1;1.2;False;False;False;0;True;False;True;False
ASUS;ZenScreen MB166CR;21299;0.0;1;15.6;1920;1080;60;IPS;250;800;178;178;;0;;0;;False;False;True;0;False;False;False;False
LG;MyView 32SR85U-W;57999;4.29;7;31.5;3840;2160;60;IPS;400;1000;178;178;;2;;0;;False;False;True;3;False;False;False;True
Samsung;Odyssey Ark G97NC S55CG97WNI;199999;4.63;17;55.0;3840;2160;165;VA;600;1000000;178;178;1000;1;2.0;1;1.4;False;False;False;2;True;False;False;True
MSI;PRO MAX 271PHW E14;19499;4.8;0;27.0;1920;1080;144;IPS;250;1000;178;178;;1;2.0b;1;1.2a;False;False;True;4;False;False;True;False
ASUS;VU249CFE-G;16999;4.73;45;23.8;1920;1080;100;IPS;250;1300;178;178;;1;1.4;0;;False;False;True;0;False;False;False;False
MSI;MAG 272QP QD-OLED X24;55999;4.8;0;26.5;2560;1440;240;OLED;400;1500000;178;178;;2;2.1;1;1.4a;False;False;True;0;False;False;True;False
Dell;Alienware AW2524HF;75799;3.86;7;24.5;1920;1080;500;IPS;400;1000;178;178;;1;2.1;2;1.4;False;False;False;4;True;False;False;False
Acer;Nitro ED340CURX0bmiipx;24999;3.12;17;34.0;3440;1440;200;VA;250;4000;178;178;1500;2;2.1;1;1.4;False;False;False;0;True;False;False;False
Samsung;ViewFinity S8 S80UH S32H804UAI;34999;4.7;0;31.5;3840;2160;60;VA;350;3000;178;178;;1;2.0;1;1.2;False;False;True;4;False;False;False;False
Samsung;Odyssey 3D G90XF S27FG900XI;89999;0.0;7;27.0;3840;2160;165;IPS;350;1000;178;178;;2;2.1;1;1.4;False;False;False;2;True;True;False;False
LG;UltraGear 49GR85DC-B;114999;4.59;16;49.0;5120;1440;240;VA;400;3000;178;178;1000;2;2.1;1;1.4;False;False;False;2;True;False;False;False
ARDOR GAMING;SIRIUS AQ27H1O;47999;4.47;73;27.0;2560;1440;240;OLED;600;150000;178;178;;2;2.0;1;1.4;False;False;True;2;True;True;False;False
ASUS;VU279CFE-M;19999;4.37;16;27.0;1920;1080;100;IPS;250;1300;178;178;;1;1.4;0;;False;False;True;0;False;False;True;False
Acer;Nitro XV272UW2bmiiprx;26499;4.35;45;27.0;2560;1440;240;IPS;400;1000;178;178;;2;2.0;1;1.4;False;False;False;0;True;False;False;False
Acer;Predator X49Xbmipphuzx;92999;4.8;5;49.0;5120;1440;240;OLED;1000;1500000;178;178;1800;1;2.1;2;1.4;False;False;True;2;True;False;False;False
LG;32G600A-B;23799;4.8;0;31.5;2560;1440;;VA;300;3000;178;178;1000;2;2.0;1;1.4;False;False;False;0;True;False;False;False
Apple;Studio Display;248999;0.0;3;27.0;5120;2880;60;IPS;600;;178;178;;0;;0;;False;False;False;2;False;False;False;False
Samsung;LS24DG302EIXCI;13999;4.7;0;24.0;1920;1080;;VA;;;;;;1;;0;;False;False;False;0;False;False;False;False
Acer;Nitro XV325QKV3bmiipprx;42999;4.8;0;31.5;3840;2160;;IPS;;1000;178;178;;2;2.1;2;1.4;False;False;False;0;True;False;False;False
Machenike;MCQ27F260;16999;3.42;91;27.0;2560;1440;260;IPS;300;1000;178;178;;2;2.0;2;1.4;False;False;False;0;False;False;True;False
Dell;UltraSharp U4323QE;124999;4.5;6;43.0;3840;2160;60;IPS;350;1000;178;178;;2;2.1;2;1.4;False;False;True;5;False;False;False;False
Samsung;ViewFinity S8 S80PB S27B800PXI;44299;4.66;33;27.0;3840;2160;60;IPS;350;1000;178;178;;1;2.0;1;1.4;False;False;True;3;False;False;False;False
Acer;Predator X27Ubmiipruzx;55799;0.0;3;26.5;2560;1440;240;OLED;1000;1500000;178;178;;2;2.0;1;1.4;False;False;True;2;True;False;False;False
Lenovo;ThinkVision S24e-20;8799;0.0;10;23.8;1920;1080;60;VA;250;3000;178;178;;1;1.4;0;;True;False;False;0;False;False;False;False
ASUS;ZenScreen MB249C;42499;4.67;3;23.8;1920;1080;75;IPS;250;1000;178;178;;1;1.4;0;;False;False;True;0;True;False;True;False
AsRock;PG27FFT1B;14399;4.7;27;27.0;1920;1080;180;IPS;450;1000;178;178;;2;2.0;1;1.2;False;False;False;0;True;False;False;False
LG;27GP95R-B;64799;4.66;105;27.0;3840;2160;144;IPS;400;1000;178;178;95;2;2.1;1;1.4;False;False;False;2;True;True;False;False
Samsung;ViewFinity S8;121999;4.7;0;40.0;5120;2160;144;VA;350;3000;178;178;1000;1;2.1;1;1.4;False;False;True;1;True;False;False;False
Acer;Nitro XV322QKKVbmiiphuzx;71499;4.66;46;31.5;3840;2160;144;IPS;400;1000;178;178;;2;2.1;1;1.4;False;False;False;4;True;False;False;False
Dell;S2725QC;39999;0.0;0;27.0;3840;2160;120;VA;350;1500;178;178;;1;1.4;0;;False;False;True;0;True;False;False;False
AOPEN;27CL1Ebmix;9999;4.95;19;27.0;1920;1080;100;IPS;250;1000;178;178;;1;1.4;0;;True;False;False;0;True;False;False;False
LG;MyView 32SQ700S-W;39799;4.88;13;31.5;3840;2160;60;VA;250;3000;178;178;;2;;0;;False;False;True;2;False;False;False;False
Acer;Predator X27U Z1bmiiprx;53999;0.0;1;26.5;2560;1440;;QD-OLED;;;;;;0;;0;;False;False;False;0;False;False;False;False
ASUS;VU279HFI-W Eye Care;19999;4.8;0;27.0;1920;1080;100;IPS;250;1300;178;178;;2;1.4;0;;False;False;False;0;False;False;True;False
Acer;Nitro XV275KP3biipruzx;46999;4.5;6;27.0;3840;2160;160;IPS;600;1000;178;178;;2;2.1;1;1.4;False;False;True;2;True;False;False;False
MSI;PRO MP341CQW E12;26999;4.8;0;34.0;3440;1440;120;VA;300;3500;178;178;1500;2;2.0b;1;1.4a;False;False;False;0;False;False;True;False
GigaByte;GS32QA EK;25999;4.8;0;31.5;2560;1440;180;IPS;300;1000;178;178;;2;2.0;1;1.4;False;False;False;0;True;False;False;False
Dell;S2725DSM;25999;0.0;0;27.0;2560;1440;144;IPS;350;1500;178;178;;1;;1;1.4;False;False;False;0;True;False;False;False
Dell;Alienware AW3423DWF;99999;0.0;8;34.0;3440;1440;165;OLED;1000;1000000;178;178;1800;1;2.0;2;1.4;False;False;False;4;True;False;False;False
Machenike;MK-CF25F300M;18599;0.0;1;24.5;1920;1080;320;IPS;600;1000;178;178;;2;2.0;1;1.4;False;False;False;0;False;False;True;False
LG;MyView 32SR83U-W;59999;4.58;29;31.5;3840;2160;60;IPS;400;1000;178;178;;2;;0;;False;False;True;3;False;False;False;True
ASUS;TUF Gaming VG28UQL1A;42299;4.72;243;28.0;3840;2160;144;IPS;450;1000;178;178;;2;2.0;1;1.4;False;False;False;2;True;True;False;False
Machenike;MK-ZQ25F250;17999;0.0;4;24.5;2560;1440;250;IPS;250;1000;178;178;;2;2.0;1;1.4;False;False;False;0;False;False;True;False
Samsung;ViewFinity S8 S80UH S27H804UAI;32999;4.7;0;27.0;3840;2160;60;IPS;350;1000;178;178;;1;2.0;1;1.2;False;False;True;4;False;False;False;False
LG;MyView 27SR50F-W;22999;4.71;17;27.0;1920;1080;60;IPS;250;1000;178;178;;2;2.1;0;;False;False;False;2;False;False;False;True
Dell;UltraSharp U2724DE;59999;0.0;9;27.0;2560;1440;120;IPS;350;2000;178;178;;1;2.1;1;1.4;False;False;True;5;False;False;False;False
Samsung;ViewFinity S7 S70H 4K UHD S27H700EAI;25599;4.7;0;27.0;3840;2160;60;IPS;300;1000;178;178;;1;2.0;1;1.2;False;False;False;0;False;False;False;False
MSI;PRO MAX 271UPX12G;77999;4.8;0;26.5;3840;2160;;OLED;250;;178;178;;2;2.1;1;1.4a;False;False;False;1;True;True;False;False
ASUS;ZenScreen MB27ACF;46999;0.0;1;27.0;2560;1440;100;IPS;300;1500;178;178;;1;2.0;0;;False;False;True;0;False;False;True;False
Acer;Predator XB323QKV3bmiiphx;79499;4.78;9;31.5;3840;2160;160;IPS;400;1000;178;178;;2;2.1;1;1.4;False;False;False;0;True;False;False;False
LG;24U411B-B;8199;4.8;0;23.8;1920;1080;144;IPS;250;1500;178;178;;1;2.0;0;;True;False;False;0;True;False;True;False
Acer;Predator X34V3bmiiphuzx;52499;0.0;6;34.0;3440;1440;180;VA;1000;4000;178;178;1500;2;2.0;1;1.4;False;False;True;2;True;False;False;False
Titan;Army P27A6V;51299;4.66;78;27.0;3840;2160;160;IPS;1000;1000;178;178;;2;2.1;1;1.4;False;False;True;0;False;False;True;False
AORUS;FO27Q3 EK;83999;4.26;31;27.0;2560;1440;360;OLED;1000;1500000;178;178;;2;2.1;1;1.4;False;False;True;2;True;False;False;False
Acer;Nitro XV270 F5bmiiprzx;43499;4.8;0;27.0;1920;1080;520;IPS;400;;178;178;;2;2.1;1;1.4;False;False;False;3;True;False;False;False
Dell;P2725DE;39299;0.0;0;27.0;2560;1440;100;IPS;350;1500;178;178;;1;2.1;1;1.4;False;False;False;4;False;False;False;False
ASUS;ZenScreen MB165B;12999;0.0;1;15.6;1366;768;60;TN;220;500;90;65;;0;;0;;False;False;False;0;False;False;False;False
AsRock;Phantom Gaming PG27FRS1A;18499;4.82;23;27.0;1920;1080;280;VA;300;4000;178;178;1500;2;2.0;1;1.2;False;False;False;0;True;False;False;False
Samsung;ViewFinity S8 S80H S27H804EAI;29799;4.7;0;27.0;3840;2160;60;IPS;280;1000;178;178;;1;2.0;1;1.2;False;False;False;3;False;False;False;False
AOC;22B30HM2;8999;4.8;0;21.5;1920;1080;;VA;250;3000;178;178;;1;1.4;0;;True;False;False;0;False;False;True;False
LG;UltraGear 32G403B-B;21199;4.8;0;31.5;1920;1080;144;VA;250;3500;178;178;;1;2.0;1;1.4;False;False;False;0;True;False;True;False
MSI;MAG 275CQF E18;18999;4.8;0;27.0;2560;1440;180;VA;250;5000;178;178;1500;2;2.0b;1;1.4a;False;False;False;0;False;False;True;False
Acer;Nitro KG242YEbmiix;11999;4.87;15;23.8;1920;1080;100;IPS;250;1000;178;178;;2;1.4;0;;True;False;False;0;True;False;False;False
Acer;Predator X32Xbmiipphuzx;109999;0.0;7;31.5;3840;2160;240;OLED;1000;1500000;178;178;1700;2;2.1;2;1.4;False;False;True;2;True;False;False;False
Acer;HA240YAwi;6599;4.75;4;23.8;1920;1080;75;IPS;250;1000;178;178;;1;1.4;0;;True;False;False;0;True;False;False;False
AOC;24B3CF2;9999;4.67;3;23.8;1920;1080;100;IPS;250;1300;178;178;;1;1.4;0;;False;False;True;2;False;False;True;False
AsRock;PG27FFX2A;39999;3.67;3;27.0;1920;1080;520;IPS;400;1000;178;178;;2;2.1;1;1.4;False;False;False;2;True;False;False;False
TCL;27P1AD;14999;0.0;1;27.0;1920;1080;;IPS;400;;178;178;;2;2.0;1;1.4;False;False;False;0;True;True;False;False
Philips;27M2N6500P;55999;4.8;0;26.5;2560;1440;;OLED;400;1000;178;178;;2;2.0;1;1.4;False;False;False;3;False;False;True;False
Samsung;Odyssey Neo G9 S49AG950NI;149999;4.51;139;48.7;5120;1440;240;VA;420;1000000;178;178;1000;2;2.1;1;1.4;False;False;False;2;True;True;False;False
MSI;MAG 341CQP QD-OLED;89999;4.64;40;34.0;3440;1440;175;OLED;1000;1500000;178;178;1800;2;2.1;1;1.4a;False;False;True;2;True;False;False;False
AsRock;CL25FF;8899;4.82;11;24.5;1920;1080;100;IPS;300;1300;178;178;;1;1.4;0;;True;False;False;0;True;False;False;False
Lenovo;ThinkVision P24qd-40;38799;0.0;0;23.8;2560;1440;120;IPS;300;1500;178;178;;1;2.1;1;1.4;False;False;True;5;False;False;False;False
Lime;G270;12399;4.56;44;27.0;2560;1440;144;VA;250;1000;178;178;;2;;1;;False;False;False;0;False;False;False;False
AOpen;24SA2YEBI;10899;0.0;2;23.8;1920;1080;100;IPS;250;1000;178;178;;1;1.4;0;;True;False;False;0;True;False;False;False
ASUS;TUF Gaming VG27AQM5F;29999;4.8;0;27.0;2560;1440;320;IPS;300;1300;178;178;;2;2.1;1;1.4;False;False;False;0;True;True;False;False
Acer;Nitro KG271UZ2bmiipx;18599;4.8;0;27.0;2560;1440;;IPS;250;1000;178;178;;2;2.0;1;1.4;False;False;False;0;True;False;False;False
AOC;AGON PRO AG276QZD;56999;0.0;3;26.5;2560;1440;240;OLED;1000;1500;178;178;;2;2.0;2;1.4;False;False;False;2;True;False;False;False
Samsung;LS27DG302EIXCI;17499;4.7;0;27.0;1920;1080;;VA;;;;;;1;;0;;False;False;False;0;False;False;False;False
Dell;P2425DE;32999;0.0;5;23.8;2560;1440;100;IPS;350;1500;178;178;;1;2.1;1;1.4;False;False;True;4;False;False;False;False
Acer;Predator XB323QUM3bmiiphx;43299;4.62;21;31.5;2560;1440;180;IPS;250;1000;178;178;;2;2.0;1;1.2;False;False;False;0;False;True;True;False
Монитор;27M2N3200NF;13999;4.8;0;27.0;1920;1080;144;IPS;300;1500;178;178;;1;1.4;1;1.4;False;False;False;0;False;True;True;False
ASUS;ROG Strix XG32AQ;86999;4.43;33;32.0;2560;1440;175;IPS;600;1000;178;178;;2;2.0;1;1.2;False;False;False;2;True;True;False;False
Philips;27M2N8800;91999;4.8;0;27.0;3840;2160;;OLED;300;1000;178;178;;2;2.1;1;2.1;False;False;False;3;True;True;False;False
Acer;Nitro XZ403CKRbmiiphuzx;87999;4.8;0;39.7;5120;2160;180;VA;400;3300;178;178;1000;2;2.1;1;1.4;False;False;True;2;True;False;False;False
Acer;CE270KXwmiippruzx;85999;4.8;0;26.5;3840;2160;240;OLED;1000;1500000;178;178;;2;2.1;2;1.4;False;False;True;2;True;False;False;False
Acer;Nitro XZ340CUHbiiphx;32799;3.92;13;34.0;3440;1440;100;VA;250;3000;178;178;1500;2;2.0;1;1.4;False;False;False;0;True;False;False;False
Dell;Alienware AW2725D;59999;0.0;0;26.5;2560;1440;280;OLED;1000;1500000;178;178;;1;2.1;2;1.4;False;False;False;2;True;True;False;False
Acer;Vero CB272E3bmirux;17799;0.0;2;27.0;1920;1080;100;IPS;250;1000;178;178;;1;1.4;0;;False;False;True;0;True;False;False;False
Acer;Vero B247YEwmiprxv;16999;3.89;5;23.8;1920;1080;100;IPS;250;1000;178;178;;1;1.4;1;1.2;True;False;False;0;True;False;False;False
AsRock;CL27FF;12199;4.8;20;27.0;1920;1080;100;IPS;300;1000;178;178;;1;1.4;0;;True;False;False;0;True;False;False;False
Acer;CZ342CURVbmiphuzx;33799;3.67;9;34.0;3440;1440;180;VA;300;3000;178;178;1000;1;2.0;1;;False;False;True;2;True;False;False;False
ASUS;BE24ECSNK;24999;3.33;3;23.8;1920;1080;60;IPS;300;1000;178;178;;1;1.4;1;1.2;False;False;True;4;False;False;False;False
Gigabyte;GO27Q24A EK;43299;4.8;0;27.0;2560;1440;240;OLED;400;1500000;178;178;;2;2.1;1;1.4;False;False;False;0;False;False;False;False
Acer;Nitro XV242Fbmiiprx;78499;2.67;3;24.1;1920;1080;540;TN;400;1000;170;160;;2;2.0;1;1.4;False;False;False;0;True;False;False;False
Irbis;SMARTVIEW ISM27QIDL;11599;3.5;2;27.0;2560;1440;75;IPS;300;1000;178;178;;1;1.4;1;1.2;False;False;True;2;False;False;False;True
Dell;P2426HE;31299;0.0;0;23.8;1920;1080;120;IPS;300;1500;178;178;;1;1.4;1;1.4;False;False;True;4;False;False;False;False
Samsung;ViewFinity S6 S60UD S24D604UAU;25199;4.7;0;24.0;2560;1440;100;IPS;350;1000;178;178;;1;2.0;1;1.4;False;False;True;2;False;False;False;False
Acer;Predator X27UFbmiipphuzx;64999;3.67;3;27.0;2560;1440;360;OLED;1000;1500000;178;178;;2;2.1;2;1.4;False;False;True;2;True;False;False;False
MSI;272QPF E20;23499;4.8;0;27.0;2560;1440;200;IPS;300;1000;178;178;;2;2.0b;1;1.4a;False;False;False;0;True;True;False;False
MSI;274QF E20;20199;4.8;0;27.0;2560;1440;200;IPS;250;1200;178;178;;2;2.0b;1;1.4a;False;False;False;0;False;False;True;False
ASUS;VU279CFE-B;19999;4.37;16;27.0;1920;1080;100;IPS;250;1300;178;178;;1;1.4;0;;False;False;True;0;False;False;True;False
AOpen;24CL1YEbmix;11599;0.0;1;23.8;1920;1080;100;IPS;250;1000;178;178;;1;1.4;0;;True;False;False;0;True;False;False;False
Acer;SB322QAbi;16999;4.8;0;31.5;1920;1080;75;IPS;300;1000;178;178;;1;1.4;0;;True;False;False;0;True;False;False;False
Philips;24E1N5300HE/00;25199;0.0;4;23.8;1920;1080;75;IPS;300;1000;178;178;;1;1.4;1;1.2;False;False;True;4;True;False;False;False
Acer;Vero CB242YE3bmiruxv;11999;4.8;0;23.8;1920;1080;100;IPS;250;1000;178;178;;1;1.4;0;;False;False;True;0;True;False;False;False
Philips;27E2G2200;11299;4.8;0;27.0;1920;1080;144;IPS;300;1500;178;178;;1;2.1;1;1.4;False;False;False;0;False;False;True;False
Dell;SE2225HM;10899;0.0;0;21.5;1920;1080;100;VA;250;3000;178;178;;1;1.4;0;;True;False;False;0;False;False;False;False
Xiaomi;A27i 2026;9999;4.8;0;27.0;1920;1080;144;IPS;300;1500;178;178;;1;2.0;1;1.4;False;False;False;0;False;False;False;False
Hisense;24N3SE;7599;4.8;0;23.8;1920;1080;100;VA;250;3000;178;178;;1;;0;;True;False;False;0;False;False;False;False
Acer;Nitro XV345CURXbmiipphx;51799;3.21;15;34.0;3440;1440;240;VA;300;4000;178;178;1000;2;2.1;2;1.4;False;False;False;0;True;False;False;False
Samsung;Odyssey OLED G9 G95SC S49CG954SI;189999;4.86;21;49.0;5120;1440;240;OLED;250;1000000;178;178;1800;1;2.1;1;1.4;False;False;False;3;True;False;False;True
AOC;24B3CA2;9299;4.89;18;23.8;1920;1080;100;IPS;250;1300;178;178;;1;1.4;0;;False;False;True;2;False;False;True;False
Acer;Nitro ED343CURV3bmiippx;38299;4.86;7;34.0;3440;1440;180;VA;300;4000;178;178;1000;2;2.0;2;1.4;False;False;False;0;True;False;False;False
Acer;V277Gbip;10399;4.86;7;27.0;1920;1080;120;IPS;250;1500;178;178;;1;1.4;1;1.2;True;False;False;0;True;False;False;False
Dell;C2722DE;67999;0.0;3;27.0;2560;1440;60;IPS;350;1000;178;178;;1;2.0;1;1.2;False;False;True;4;False;False;False;False
Acer;CB272Dbmiprcx;25199;0.0;2;27.0;1920;1080;75;IPS;250;1000;178;178;;1;1.4;1;1.2;True;False;False;0;False;False;False;False
Samsung;ViewFinity S6 S65VC S34C650VAI;44999;0.0;2;34.0;3440;1440;100;VA;350;3000;178;178;1000;1;2.0;1;1.2;False;False;True;2;True;False;False;False
ASUS;ProArt PA32DC;449999;4.75;4;31.5;3840;2160;60;OLED;500;1000000;178;178;;3;2.0;1;1.4;False;False;True;4;False;False;False;False
Lenovo;ThinkVision 27 3D;166999;0.0;1;27.0;3840;2160;60;IPS;310;1000;178;178;;2;2.1;1;1.4;False;False;True;5;False;False;False;False
Acer;Predator X34F1bmiipphuzx;103999;4.8;0;34.0;3440;1440;360;OLED;1300;1500000;178;178;1800;2;2.1;2;1.4;False;False;True;2;True;True;False;False
Dell;UltraSharp U2725QE;84999;0.0;0;27.0;3840;2160;120;IPS;450;1500;178;178;;1;2.0;2;1.4;False;False;False;5;False;False;False;False
ARDOR GAMING;PANDORA AQ27H2O;38999;4.8;0;27.0;2560;1440;240;OLED;400;150000;178;178;;2;2.1;1;1.4;False;False;False;0;True;True;False;False
MSI;PRO MP273UP E6;23999;4.8;0;27.0;3840;2160;60;IPS;300;1000;178;178;;2;2.0b;1;1.4a;False;False;False;0;False;False;True;False
AOC;27B36XE;10399;4.8;0;27.0;1920;1080;144;IPS;300;1500;178;178;;1;1.4;0;;True;False;False;0;False;False;True;False
Dell;P2725QE;51999;0.0;0;27.0;3840;2160;100;IPS;350;1500;178;178;;1;2.1;1;1.4;False;False;True;5;False;False;False;False
Acer;Vero CB271bmirux;24999;4.8;0;27.0;1920;1080;75;IPS;250;1000;178;178;;1;1.4;0;;False;False;True;0;True;False;False;False
Acer;KG273UW2;20699;4.8;0;27.0;2560;1440;240;IPS;250;1000;178;178;;2;2.0;1;1.4;False;False;False;0;True;False;False;False
Lenovo;ThinkCentre TIO-24 Gen5;25699;0.0;0;23.8;1920;1080;60;IPS;250;1000;178;178;;1;1.4;1;1.2;False;False;False;1;False;False;False;False
AOC;U27E4CV;25399;4.8;0;27.0;3840;2160;60;IPS;400;1200;178;178;;2;2.1;1;1.4;False;False;True;4;False;False;True;False
GigaByte;MO32U24 EK;99999;4.8;0;31.5;3840;2160;240;OLED;300;1500000;178;178;;2;2.1;1;1.4;False;False;False;3;True;True;False;False
Acer;EK241YP0bi;8099;4.8;0;23.8;1920;1080;144;VA;250;4000;178;178;;1;1.4;0;;True;False;False;0;True;False;False;False
GIGABYTE;GS24F14A;9499;4.8;0;23.8;1920;1080;144;IPS;400;1500;178;178;;2;2.0;1;1.4;False;False;False;0;False;False;False;False
LG;34GX900A-B;104499;4.8;0;34.0;3440;1440;240;OLED;275;1500000;178;178;800;2;2.1;1;1.4;False;False;True;3;True;True;False;False
Acer;SA273P1bi;10699;4.8;0;27.0;1920;1080;144;IPS;250;1500;178;178;;1;1.4;0;;True;False;False;0;True;False;False;False
Acer;Predator XB323QKV4bmiiprx;44999;4.8;0;31.5;3840;2160;160;IPS;250;1000;178;178;;2;2.1;1;1.4;False;False;False;0;True;True;False;False
Samsung;Odyssey G8 G80SH LS27HG802SIXCI;101999;4.7;0;27.0;3840;2160;240;OLED;250;1500000;178;178;;2;2.1;1;2.1;False;False;True;1;True;True;False;False
ASUS;ProArt PA27DCE-K;324999;4.5;2;26.9;3840;2160;60;OLED;350;1000000;178;178;;3;2.0;1;1.4;False;False;True;3;False;False;False;False
LG;39GX900A-B;129999;4.8;0;39.0;3440;1440;240;OLED;275;1500000;178;178;800;2;2.1;1;1.4;False;False;True;3;True;True;False;False
Acer;Nitro XV272UF3;28399;4.8;0;27.0;2560;1440;300;IPS;400;1000;178;178;;2;2.1;1;1.4;False;False;False;0;True;False;False;False
Philips;24B2U3301;19699;4.8;0;23.8;1920;1080;120;IPS;300;1500;178;178;;1;1.4;1;1.4;False;False;True;4;False;False;True;False
Dell;P3225DE;55999;0.0;0;31.5;2560;1440;100;IPS;350;1500;178;178;;1;2.1;1;1.4;False;False;True;2;False;False;True;False
Dell;S3225QS;49799;0.0;0;31.5;3840;2160;120;VA;300;3000;178;178;;2;2.1;1;1.4;False;False;False;0;True;False;True;False
Dell;S3425DW;50999;0.0;0;34.0;3440;1440;120;VA;300;3000;178;178;1800;2;2.1;0;;False;False;True;3;True;False;True;False
Acer;Nitro XF270UP1biiph;17699;4.8;0;27.0;2560;1440;144;IPS;250;1500;178;178;;2;2.1;1;1.4;False;False;False;0;True;False;False;False
Acer;B277Gbmiprxv;15999;4.8;0;27.0;1920;1080;120;;250;1500;;;;1;1.4;1;1.2;False;False;False;0;False;False;True;False
Samsung;ViewFinity S8 S80H S32H804EAI;33999;4.7;0;31.5;3840;2160;60;VA;280;3000;178;178;;1;2.0;1;1.2;False;False;False;3;False;False;False;False
Dell;Alienware AW2725DM;35999;4.8;0;27.0;2560;1440;180;IPS;400;1000;178;178;;2;2.1;1;1.4;False;False;False;3;True;True;True;False
AOC;Q27G4ZDR;47799;4.8;0;27.0;2560;1440;240;OLED;400;1500000;178;178;;2;2.1;1;1.4;False;False;False;2;False;True;False;False
ASUS;TUF Gaming VG34WQL5A;33999;4.8;0;34.0;3440;1440;200;VA;400;4000;178;178;1500;2;2.0;2;1.4;False;False;False;4;True;False;False;False
TCL;25P2A Pro;29999;4.8;0;24.5;2560;1440;360;IPS;800;;178;178;;1;2.1;1;1.4;False;False;False;0;True;False;False;False
Philips;24E2G2200;10499;4.8;0;23.8;1920;1080;144;IPS;300;1500;178;178;;1;1.4;1;1.4;False;False;False;0;False;False;True;False
Acer;Nitro XZ343CURX0bmiiphuzx;33999;4.8;0;34.0;3440;1440;200;VA;400;3500;178;178;1000;2;2.1;1;1.4;False;False;True;2;True;False;False;False
Acer;Nitro ED340CURW0biip;26999;4.8;0;34.0;3440;1440;240;VA;250;3000;178;178;1500;2;2.1;1;1.4;False;False;False;0;True;False;False;False
Gigabyte;GS25F14;11399;4.8;0;24.5;1920;1080;144;IPS;300;1500;178;178;;1;2.0;1;1.2;False;False;False;0;True;False;False;False
ASUS;ROG Strix OLED XG27UQDMS;97999;4.8;0;26.5;3840;2160;240;OLED;1000;1500000;178;178;;2;2.1;1;1.4;False;False;False;2;True;True;False;False
Acer;Nitro EI491CR Sbmiipphx;65999;4.8;0;49.0;3840;1080;144;VA;400;3000;178;178;1800;2;2.0;2;1.2;False;False;False;0;True;False;False;False
Acer;CB272Gbiprv;12399;4.8;0;27.0;1920;1080;75;IPS;250;1500;178;178;;1;;1;;True;False;False;0;True;False;False;False
Acer;ProCreator PE270X Tbmiiphcuzx;91999;4.8;0;27.0;5120;2880;60;IPS;400;2000;178;178;;2;2.1;1;1.4;False;False;True;3;True;False;False;False
Lenovo;ThinkCentre TIO24Gen5;27299;0.0;0;23.8;1920;1080;;IPS;250;1000;178;178;;1;1.4;1;1.2;False;False;False;2;False;False;False;False
Acer;Nitro XZ340CURJ0bmiiphx;23999;4.8;0;34.0;3440;1440;;VA;250;3000;178;178;1500;2;2.1;1;1.4;False;False;False;0;True;False;False;False
Lenovo;ThinkVision E27q-40;25499;0.0;0;27.0;2560;1440;100;IPS;350;1500;178;178;;2;2.1;1;1.2;False;False;False;0;False;False;False;False
Acer;Nitro XV320QKV4bmiiprx;43999;4.8;0;31.5;3840;2160;160;IPS;250;1000;178;178;;2;2.1;1;1.4;False;False;False;0;True;False;False;False
Lenovo;E27Q-20;37799;0.0;0;27.0;2560;1440;75;IPS;350;1000;178;178;;1;1.4;1;1.2;False;False;False;0;True;False;False;False
Acer; EK241YP0bmix;8099;4.8;0;23.8;1920;1080;180;VA;250;4000;178;178;;1;1.4;0;;False;False;False;0;True;False;False;False
AOC;24E4U;12899;4.8;0;23.8;1920;1080;120;IPS;300;1500;178;178;;1;1.4;1;1.2;True;False;False;4;False;False;True;False
Dell;P2726HE;34499;0.0;0;27.0;1920;1080;120;IPS;300;1500;178;178;;1;1.4;1;1.4;False;False;True;4;False;False;False;False
MSI;MAG 272UP E16;85999;4.8;0;26.5;3840;2160;165;OLED;1000;1500000;178;178;;2;2.1;1;1.4a;False;False;True;3;False;True;False;False
MSI;MAG 325CQPF E18;30499;4.8;0;31.5;2560;1440;180;VA;300;3500;178;178;1000;2;2.0b;1;1.4a;False;False;False;0;True;False;False;False
Dell;UltraSharp U5226KW;369999;0.0;0;51.5;6144;2560;120;IPS;400;1700;178;178;4200;2;2.1;2;1.4;False;False;True;8;False;False;False;False
Dell;SE2726HG;21999;0.0;0;27.0;1920;1080;240;IPS;300;1000;178;178;;2;;1;1.4;False;False;False;0;True;False;False;False
Dell;Alienware AW2725QF;70999;4.8;0;27.0;3840;2160;180;IPS;400;1000;178;178;;2;2.1;1;1.4;False;False;False;5;False;True;True;False
AOC;Q24B36X;12999;4.8;0;23.8;2560;1440;144;IPS;300;1300;178;178;;1;2.0;1;1.4;False;False;False;0;False;False;True;False
Dell;S2425HSM;17999;0.0;0;23.8;1920;1080;144;IPS;300;1500;178;178;;2;1.4;0;;False;False;False;0;True;False;False;False
Acer;XV270UX1bmiiprx;19499;4.8;0;27.0;2560;1440;200;IPS;250;1000;178;178;;2;2.0;1;1.4;False;False;False;0;True;False;False;False
Gigabyte;MO27Q28G;57799;4.8;0;27.0;2560;1440;280;OLED;1500;1500000;178;178;;2;2.1;1;1.4;False;False;True;2;False;True;False;False
GIGABYTE;GS27QA;17499;4.8;0;27.0;2560;1440;180;IPS;300;1000;178;178;;2;2.0;1;1.4;False;False;False;0;True;False;False;False
Dell;Alienware AW2725Q;108999;4.8;0;26.7;3840;2160;240;OLED;250;;178;178;;2;2.1;1;1.4;False;False;False;5;True;True;True;False
MSI;PRO MAX 271QPX14G;54999;4.8;0;27.0;2560;1440;144;OLED;400;1500000;178;178;;2;2.0b;1;1.4a;False;False;True;1;True;True;False;False
ASUS;VU279CFE-G;19999;4.37;16;27.0;1920;1080;100;IPS;250;1300;178;178;;1;1.4;0;;False;False;True;0;False;False;False;False
Acer;CE270UZwmiipprx;49999;4.8;0;26.5;2560;1440;280;OLED;1000;1500000;178;178;;2;2.1;2;1.4;False;False;False;0;True;False;False;False
Machenike;MK-DQ27F280E;49999;4.8;0;26.5;2560;1440;280;OLED;1000;;178;178;;2;2.1;1;1.4;False;False;False;4;False;False;True;False
Asus;VA279QGSE;16799;4.8;0;27.0;1920;1080;120;IPS;300;1500;178;178;;1;1.4;1;1.2;True;False;False;0;True;False;False;False
Acer;UT272bmipzx;44999;3.67;2;27.0;1920;1080;75;IPS;360;1000;178;178;;1;1.4;1;1.2;False;False;False;2;True;False;False;False
ASUS;ProArt PA32UCX-PK;549999;0.0;1;32.0;3840;2160;60;IPS;1200;1000;178;178;;3;2.0;1;1.2;False;False;False;3;True;False;False;False
MSI;MPG 274URF QD;45299;3.88;8;27.0;3840;2160;160;IPS;400;1000;178;178;;2;2.1;1;1.4a;False;False;True;2;True;False;False;False
Acer;SH242YG0bmihux;13199;0.0;1;23.8;1920;1080;120;IPS;250;1500;178;178;;1;1.4;0;;False;False;True;0;True;False;False;False
